Status	Id	Label	Title	JS	Description	Type
published	about	About	About this project	0	More information about the project	page
published	about_me	About me	About Ujjwal Singh	1	Web links of the creator of this project : Ujjwal Singh	page
published	about_site	About site	About this site	0	List of technology and software used to build this website	page
published	changelog	Changelog	Changelog	0	Log of changes across versions	page
published	faq	FAQ	FAQ	0	Frequently asked questions about this project	page
published	feedback	Feedback	Feedback	0	Links to leave feedback	page
published	license	License	License	0	Copyright licenses for the intellectual properties associated with the project	page
published	logo	Logo	Logo	0	Logo of Ujnotes	page
published	roadmap	Roadmap	Roadmap	0	Future roadmap of features and implementations	page
published	timeline	Timeline	Timeline	0	Markable events in project's lifetime	page
published	root	Ujnotes	Ujnotes	1	Ujjwal Singh's notes on life and technology	page
draft	universe	universe	Universe	0	Universe	page
draft	universe/reality	universe/reality	Reality	0	Reality	article
published	world	World	World	0	The critical aspects of the world we live in	page
published	technology	Technology	Technology	0	An introduction to computer technology: software, hardware, connected systems, artificial intelligence, and the methods that make them dependable.	article
published	science	Science	Science	0	The study of natural phenomena through observation, measurement and explanatory models.	page
published	philosophy	Philosophy	Philosophy	0	Philosophical analysis of the dimensions of a human life	article
published	philosophy/life	Life	Life	0	An understanding of our life	article
published	philosophy/death	Death	Death	0	An elaboration of death's significance	article
published	philosophy/consciousness	 Consciousness	What is consciousness	0	Examining thoughts, self-awareness, consciousness and free will	article
published	philosophy/consciousness/free_will	Free will	Free will	0	Examining free will and if we are actually free	article
draft	philosophy/compassion	Compassion	Compassion	0	Compassion	article
published	philosophy/god	God	God	0	Meaning of God	article
published	philosophy/god/no_god	No God	No God	0	Inexistence of God	article
draft	philosophy/god/manifestations	Manifestations	0	Manifestations of God		article
published	philosophy/hindu	Hindu	Hindu	0	Hindu as a civilizational, cultural, ethical, and philosophical identity broader than belief in a personal God	article
published	philosophy/hindu/advaita	Advaita	Advaita	0	Advaita Vedanta and its central claim that Atman and Brahman are not separate.	article
published	philosophy/hindu/charvaka	Charvaka	Charvaka	0	Charvaka or Lokayata: the materialist and sceptical current within classical Indian philosophy.	article
published	philosophy/hindu/hindu_atheist	Hindu Atheist	Hindu Atheist	0	A Dharmic Nastik: culturally and philosophically Hindu, ethically committed to dharma, and atheist regarding a personal creator God.	article
draft	philosophy/religion	Religion	Religion	0	Religion	article
published	philosophy/information	Information	Information	0	How differences become signals, data, meaning and knowledge.	article
published	philosophy/cognition	Cognition	Cognition	0	How information is acquired, organized, and used to guide decisions and actions	article
published	philosophy/inference	Inference	Inference	0	How we reach conclusions from what we know and observe.	article
published	philosophy/intelligence	Intelligence	Intelligence	0	How patterns are detected, reasoning works under uncertainty, and solutions are reached.	article
published	philosophy/learning	Learning	Learning	0	How experience changes memory, skill, models, and future behaviour.	article
published	philosophy/model	Model	Model	0	How simplified representations help minds and machines explain, predict, and act.	article
published	philosophy/decision	Decision	Decision	0	How possible actions are compared and one course is chosen under uncertainty.	article
draft	philosophy/possessions	Possessions	Possessions	0	Possessions	article
draft	philosophy/possessions/money	Money	Money	0	Money	article
draft	philosophy/society	Society	Society	0	Society	article
draft	philosophy/governance	Governance	Governance	0	Governance	article
published	philosophy/problem	Problem	Problem	0	What is a 'problem' and what afflicts the present day world	article
published	philosophy/solution	Solution	Solution	0	What is the solution to the present day world's problem	article
draft	philosophy/violence	Violence	Violence	0	Violence	article
draft	philosophy/violence/war	War	War	0	War	article
draft	philosophy/violence/terrorism	Terrorism	Terrorism	0	Terrorism	article
draft	philosophy/violence/terrorism/islamic_terrorism	Islamic Terrorism	Islamic Terrorism	0	Islamic Terrorism	article
draft	philosophy/violence/terrorism/islamic_terrorism/isis	ISIS	0	ISIS		article
published	technology/computer/artificial_intelligence	Artificial Intelligence	Artificial Intelligence	0	What artificial intelligence can do, how it learns, and what its limits and responsibilities are.	article
published	technology/computer	Computer	Computer	0	Computer : the information processor	article
published	technology/computer/algorithm	Algorithm	Algorithm	0	What a definite procedure is, how it works, and why correctness and limits matter.	article
published	technology/computer/algorithm/binary_search	Binary Search	Binary Search	0	Binary search finds a value in sorted data by comparing the middle value and discarding half of the remaining range.	article
published	technology/computer/program	Program	Program	0	How instructions turn a general-purpose computer into a particular tool.	article
published	technology/computer/program/adobe_illustrator	Adobe Illustrator	Adobe Illustrator	0	Working notes on Adobe Illustrator: Export multiple web sizes and Tutorial.	article
published	technology/computer/program/adobe_illustrator/export_multiple_web_sizes	Export multiple web sizes	Export multiple web sizes	0	Working notes on Export multiple web sizes: scaleTo = scaleTo/document.width*100.0;, var i, layer,, if (!resFolder.exists), for (i = document.layers.length - 1; i >= 0; i--), and for (i = document.layers.length - 1; i >= 0; i--).	article
published	technology/computer/program/adobe_illustrator/notes	Notes	Notes	0	Shift + Ctrl + D.	article
published	technology/computer/program/adobe_illustrator/tutorial	Tutorial	Tutorial	0	Working notes on Tutorial: Long shadow.	article
published	technology/computer/program/adobe_premier_pro	Adobe Premiere Pro	Adobe Premiere Pro	0	Working notes on Adobe Premiere Pro: Start.	article
published	technology/computer/program/adobe_premier_pro/start	Start	Start	0	Working notes on Start: 2. Import clip and 3. Create sequence.	article
published	technology/computer/program/amazon_cloud_reader	Amazon Cloud Reader	Amazon Cloud Reader	0	Working notes on Amazon Cloud Reader: Single column width.	article
published	technology/computer/program/amazon_cloud_reader/single_column_width	Single column width	Single column width	0	Working notes on Single column width.	article
published	technology/computer/program/amd_crimson	AMD Crimson	AMD Crimson	0	Working notes on AMD Crimson.	article
published	technology/computer/program/amd_crimson/notes	Notes	Notes	0	Working notes on Notes: Settings path.	article
published	technology/computer/program/android_studio	Android Studio	Android Studio	0	Working notes on Android Studio: Debug key, Emulator, Issues, New project, Setup, and Version.	article
published	technology/computer/program/android_studio/debug_key	Debug key	Debug key	0	SHA-1 hash of default key.	article
published	technology/computer/program/android_studio/emulator	Emulator	Emulator	0	**Emulator.** Emulator: ERROR: AdbHostServer.cpp:102: Unable to connect to adb daemon on port: 5037.	article
published	technology/computer/program/android_studio/issues	Issues	Issues	0	Working notes on Issues: 1. Gradle version x.x is required. Current version is x.x+n.	article
published	technology/computer/program/android_studio/new_project	New project	New project	0	Working notes on New project.	article
published	technology/computer/program/android_studio/setup	Setup	Setup	0	Config path 'C:\\Program Files(x86)\\Android\\android-studio\\config' is invalid.	article
published	technology/computer/program/android_studio/version	Version	Version	0	Working notes on Version: App AndroidManifest.xml.	article
published	technology/computer/program/apache_httpd	Apache HTTPD	Apache HTTPD	0	Working notes on Apache HTTPD: Authentication, conf, Configuration, Download, .htAccess, and https, and related topics.	article
published	technology/computer/program/apache_httpd/authentication	Authentication	Authentication	0	1. Create user & password.	article
published	technology/computer/program/apache_httpd/conf	conf	conf	0	Working notes on conf: extra and httpd.conf.	article
published	technology/computer/program/apache_httpd/conf/extra	extra	extra	0	Working notes on extra: httpd-ssl.conf.	article
published	technology/computer/program/apache_httpd/conf/extra/httpd_ssl_conf	httpd-ssl.conf	httpd-ssl.conf	0	They're here only as hints or reminders. If you are unsure.	article
published	technology/computer/program/apache_httpd/conf/httpd_conf	httpd.conf	httpd.conf	0	Working notes on httpd.conf: # This is the main Apache HTTP server configuration file., configuration directives that give the server its instructions., In particular, see., for a discussion of each configuration directive., Do NOT simply read the instructions in here without understanding., and # what they do..	article
published	technology/computer/program/apache_httpd/configuration	Configuration	Configuration	0	Working notes on Configuration: Follow Symbolic Link, ServerRoot, /, and <Directory htdocs.	article
published	technology/computer/program/apache_httpd/download	Download	Download	0	Working notes on Download: Website, x64, and x86.	article
published	technology/computer/program/apache_httpd/htaccess	.htAccess	.htAccess	0	Working notes on .htAccess: Turn on rewrite engine, ForceType, DefaultType, ErrorDocument, Redirect 404 /, and Default file.	article
published	technology/computer/program/apache_httpd/https	https	https	0	https: Place, ssl_module, Logs location, SSLSessionCache: 'shmcb', and <VirtualHost <_default_|domain_name>:443>.	article
published	technology/computer/program/apache_httpd/info	Info	Info	0	Working notes on Info.	article
published	technology/computer/program/apache_httpd/mac	Mac	Mac	0	Starts | stop | restart.	article
published	technology/computer/program/apache_httpd/mod_rewrite	mod_rewrite	mod_rewrite	0	mod_rewrite: References, RewriteBase, Example, RewriteRule, and Test.	article
published	technology/computer/program/apache_httpd/mode_rewrite_samples	mode_rewrite samples	mode_rewrite samples	0	Working notes on mode_rewrite samples: Remove Extension, Redirect all, and Remove trailing slash.	article
published	technology/computer/program/apache_httpd/proxy_server	Proxy Server	Proxy Server	0	Working notes on Proxy Server: Forward.	article
published	technology/computer/program/apache_httpd/reverse_proxy	Reverse Proxy	Reverse Proxy	0	Working notes on Reverse Proxy: ProxyPass.	article
published	technology/computer/program/apache_httpd/setup	Setup	Setup	0	Setup: Place, Path root, Directory, Edit configuration file, and Location.	article
published	technology/computer/program/apache_httpd/ubuntu	Ubuntu	Ubuntu	0	www-data.	article
published	technology/computer/program/apache_httpd/ubuntu_layout	Ubuntu layout	Ubuntu layout	0	Working notes on Ubuntu layout: |, |, |, |, and |.	article
published	technology/computer/program/apache_httpd/vhost	VHost	VHost	0	The first VHost is the default one.	article
published	technology/computer/program/apache_maven	Apache Maven	Apache Maven	0	Working notes on Apache Maven: Additional repository, Commands, Dependencies, Exclude, POM.xml, and Project, and related topics.	article
published	technology/computer/program/apache_maven/additional_repository	Additional repository	Additional repository	0	Additional repository: <repositories>, <repositories> <repository>, <id>in-project</id>, <id>in-project</id> <name>Project-repo</name>, and <name>Project-repo</name> <url>file://${project.ba.	article
published	technology/computer/program/apache_maven/commands	Commands	Commands	0	Working notes on Commands: mvn package.	article
published	technology/computer/program/apache_maven/dependencies	Dependencies	Dependencies	0	Dependencies: JSON, JSON <dependency>, <groupId>javax.json</groupId>, <groupId>javax.json</groupId> <artifactId>javax.js, and <artifactId>javax.json-api</artifactId> <version>1.	article
published	technology/computer/program/apache_maven/exclude	Exclude	Exclude	0	<resources>.	article
published	technology/computer/program/apache_maven/notes	Notes	Notes	0	Working notes on Notes: * In eclipse: Whenever POM.xml is updated manually “Maven > Update project “ should, Install, Create stub project, Adapt to IDE, Eclipse, and [Proxy settings].	article
published	technology/computer/program/apache_maven/pom_xml	POM.xml	POM.xml	0	Working notes on POM.xml: <project xmlns=\"http://maven.apache.org/POM/4.0.0\" xmlns:xsi=\"http://www.w3.org/2001/XMLSchema-instance\".	article
published	technology/computer/program/apache_maven/project	Project	Project	0	Working notes on Project: Archetype, Group Id, and Granularity - project hierarchy.	article
published	technology/computer/program/apache_maven/search	Search	Search	0	Working notes on Search.	article
published	technology/computer/program/apache_maven/settings_xml_proxy	Settings.xml - proxy	Settings.xml - proxy	0	Settings.xml - proxy: <username></username>, and <username></username> <password></password>.	article
published	technology/computer/program/apache_tomcat	Apache Tomcat	Apache Tomcat	0	Working notes on Apache Tomcat: AppBase, Cipher, Compression, Context - Environment variables, Context - parameters, and Context - Resources, and related topics.	article
published	technology/computer/program/apache_tomcat/appbase	AppBase	AppBase	0	Working notes on AppBase: Server.xml, conf/server.xml, appBase=”/c:/ProgramData/Apache Software Foundation/Tomcat/webApps”, and Prepend ‘/’ for absolute path.	article
published	technology/computer/program/apache_tomcat/cipher	Cipher	Cipher	0	Working notes on Cipher.	article
published	technology/computer/program/apache_tomcat/compression	Compression	Compression	0	Working notes on Compression: <connector.	article
published	technology/computer/program/apache_tomcat/context_environment_variables	Context - Environment variables	Context - Environment variables	0	Object object = ((Context)(new InitialContext().lookup(\"java:comp/env\")).lookup(\"mykey\");.	article
published	technology/computer/program/apache_tomcat/context_parameters	Context - parameters	Context - parameters	0	Working notes on Context - parameters: Context.xml, Web.xml, 1. Parameters, and 2. Environment entries.	article
published	technology/computer/program/apache_tomcat/context_resources	Context - Resources	Context - Resources	0	Working notes on Context - Resources: <Resource name=\"jdbc/postgres\" auth=\"Container\", if ( cxt == null ), and if ( ds == null ).	article
published	technology/computer/program/apache_tomcat/context_xml	Context.xml	Context.xml	0	Working notes on Context.xml: Context.xml and Location.	article
published	technology/computer/program/apache_tomcat/context_xml/context_xml	Context.xml	Context.xml	0	Context.xml: <Context override=\"true\" allowLinking=\"true\" swall, <Context <!-- Default set of monitored resources -, <!-- <WatchedResource>WEB-INF/web.xml</WatchedReso, and <WatchedResource>WEB-IN.	article
published	technology/computer/program/apache_tomcat/context_xml/location	Location	Location	0	Working notes on Location.	article
published	technology/computer/program/apache_tomcat/database_connection	Database connection	Database connection	0	Working notes on Database connection: Class.forName(\"com.microsoft.sqlserver.jdbc.SQLServerDriver\");.	article
published	technology/computer/program/apache_tomcat/dump	Dump	Dump	0	<VirtualHost *:80>.	article
published	technology/computer/program/apache_tomcat/jsp_variables	JSP - variables	JSP - variables	0	Working notes on JSP - variables: application.	article
published	technology/computer/program/apache_tomcat/locations	Locations	Locations	0	Old logs are pushed to date_ files.	article
published	technology/computer/program/apache_tomcat/logging	Logging	Logging	0	Working notes on Logging: WEB-INF\\Classes\\ and Separate per context.	article
published	technology/computer/program/apache_tomcat/multiple	Multiple	Multiple	0	Multiple: 1. Copy service script, 2. Remove base service script, 1. rm, 3. Uninstall base script, and 4. Install services scripts.	article
published	technology/computer/program/apache_tomcat/notes	Notes	Notes	0	Working notes on Notes.	article
published	technology/computer/program/apache_tomcat/permgen	Permgen	Permgen	0	Permgen: Windows, Linux, -XX:PermSize<size> - Set initial PermGen Size., -XX:PermSize<size> -XX:MaxPermSize<size> - Set the, and setenv.bat.	article
published	technology/computer/program/apache_tomcat/port	Port	Port	0	Port: iptables -A PREROUTING -t nat -i eth0 -p tcp --dpo.	article
published	technology/computer/program/apache_tomcat/setenv_sh	Setenv.sh	Setenv.sh	0	CATALINA_BASE one overrides CATALINA_HOME one.	article
published	technology/computer/program/apache_tomcat/setup	Setup	Setup	0	Setup: Install, Uninstall, Service.bat install MyService, and Service.bat.	article
published	technology/computer/program/apache_tomcat/ssl	SSL	SSL	0	Working notes on SSL: Redirect: HTTP to HTTPS.	article
published	technology/computer/program/apache_tomcat/ssl/notes	Notes	Notes	0	The certificate file i.e. keystore file can be a .p12 file, need not be a ‘.jks’.	article
published	technology/computer/program/apache_tomcat/ssl/redirect_http_to_https	Redirect: HTTP to HTTPS	Redirect: HTTP to HTTPS	0	Working notes on Redirect: HTTP to HTTPS: Server.xml.	article
published	technology/computer/program/apache_tomcat/start	Start	Start	0	Set JAVA_HOME to JDK path.	article
published	technology/computer/program/apache_tomcat/ubuntu	Ubuntu	Ubuntu	0	Working notes on Ubuntu: Default.	article
published	technology/computer/program/apache_tomcat/ubuntu/default	Default	Default	0	This is the default Tomcat home page. It can be found on the local filesystem at: /var/lib/tomcat7/webapps/ROOT/index.html.	article
published	technology/computer/program/apache_tomcat/url_rewrites	URL Rewrites	URL Rewrites	0	This is implemented via a URL Rewrite Filter -.	article
published	technology/computer/program/apache_tomcat/variables	Variables	Variables	0	Working notes on Variables: The common shared directory with, CATALINA_BASE, The per tomcat instance directory with, and Ubuntu.	article
published	technology/computer/program/apache_tomcat/web_xml	Web.xml	Web.xml	0	Working notes on Web.xml: Mapping.	article
published	technology/computer/program/apache_tomcat/web_xml/mapping	Mapping	Mapping	0	Mapping: <servlet>, <servlet-name></servlet-name>, <servlet-class></servlet-class>, <servlet-class></servlet-class> <jsp-file></jsp-fi, and </servlet>.	article
published	technology/computer/program/appium	Appium	Appium	0	Working notes on Appium: Eclipse and Installation.	article
published	technology/computer/program/appium/eclipse	Eclipse	Eclipse	0	Working notes on Eclipse: 1. Install TestNG, 2. JAR, and 3. Specify in Appium server.	article
published	technology/computer/program/appium/installation	Installation	Installation	0	Working notes on Installation: Install nodejs/npm, Install grunt-cli, Install Appium, Set up a symlink in your .bashrc file for Appium, and If required.	article
published	technology/computer/program/applications	Applications	Applications	0	A working list of desktop programs in daily use, grouped by job, with AutoRuns 10.06 (2010-11-29) and the other pinned names and URLs.	article
published	technology/computer/program/atom	Atom	Atom	0	Working notes on Atom.	article
published	technology/computer/program/atom/notes	Notes	Notes	0	Working notes on Notes: Add packages.	article
published	technology/computer/program/aws	AWS	AWS	0	Working notes on AWS: Issues and Static hosting.	article
published	technology/computer/program/aws/issues	Issues	Issues	0	1. Set desired limit to 0.	article
published	technology/computer/program/aws/static_hosting	Static hosting	Static hosting	0	Working notes on Static hosting: Enable CDN (cloudflare) proxy.	article
published	technology/computer/program/blender	Blender	Blender	0	Working notes on Blender: Commandline, CrowdRender, Render area, Smoke, UI - issues, and White background.	article
published	technology/computer/program/blender/commandline	Commandline	Commandline	0	-W.	article
published	technology/computer/program/blender/crowdrender	CrowdRender	CrowdRender	0	Working notes on CrowdRender: Install.	article
published	technology/computer/program/blender/notes	Notes	Notes	0	Working notes on Notes: Path and Project directory.	article
published	technology/computer/program/blender/render_area	Render area	Render area	0	Working notes on Render area: Sidebar - (top right notch 3D view).	article
published	technology/computer/program/blender/smoke	Smoke	Smoke	0	Working notes on Smoke: 7. Delete preroll files (all with -.	article
published	technology/computer/program/blender/ui_issues	UI - issues	UI - issues	0	Selectable options erroneously appear to be different tabs.	article
published	technology/computer/program/blender/white_background	White background	White background	0	Working notes on White background.	article
published	technology/computer/program/certbot	CertBot	CertBot	0	Working notes on CertBot: certbot-auto.	article
published	technology/computer/program/certbot/certbot_auto	certbot-auto	certbot-auto	0	Working notes on certbot-auto: No way to specify the primary domain for multiple domain certificate.	article
published	technology/computer/program/certbot/notes	Notes	Notes	0	Notes: Primary domain (CN), renew, Try to renew, Apache, and Primary domain (CN) First -d <primary-domain>.	article
published	technology/computer/program/cloudflare	Cloudflare	Cloudflare	0	Working notes on Cloudflare: Tunnel.	article
published	technology/computer/program/cloudflare/tunnel	Tunnel	Tunnel	0	Working notes on Tunnel: 4. add config.yml and ingress.	article
published	technology/computer/program/codecs	Codecs	Codecs	0	Windows codecs note: separate x86 and x64 builds, with the Matroska, AC3Filter, FLAC, OGG, FLV, and VobSub versions that were pinned.	article
published	technology/computer/program/cpanel	cPanel	cPanel	0	Working notes on cPanel: Exclude from backup.	article
published	technology/computer/program/cpanel/exclude_from_backup	Exclude from backup	Exclude from backup	0	Exclude from backup: Global, Local, /etc/cpbackup-exclude.conf, <path_of_directory_to_exclude>, and /home/username/cpbackup-exclude.conf.	article
published	technology/computer/program/creative_alchemy	Creative Alchemy	Creative Alchemy	0	Working notes on Creative Alchemy: Alchemy.	article
published	technology/computer/program/creative_alchemy/alchemy	Alchemy	Alchemy	0	Working notes on Alchemy: Buffers, Duration, Maximum Voice Count, and Disable Direct Music.	article
published	technology/computer/program/cvs	CVS	CVS	0	Working notes on CVS.	article
published	technology/computer/program/cvs/notes	Notes	Notes	0	This is to allow checking out previous versions.	article
published	technology/computer/program/davinci_resolve	DaVinci Resolve	DaVinci Resolve	0	Working notes on DaVinci Resolve: Path and Smooth cut.	article
published	technology/computer/program/davinci_resolve/path	Path	Path	0	ProgramData\\Blackmagic Design\\DaVinci Resolve\\Support\\Resolve Disk Database\\Resolve Projects\\Users\\guest\\Projects.	article
published	technology/computer/program/davinci_resolve/smooth_cut	Smooth cut	Smooth cut	0	Working notes on Smooth cut.	article
published	technology/computer/program/db2	DB2	DB2	0	Working notes on DB2: SQL commands and Utility.	article
published	technology/computer/program/db2/sql_commands	SQL commands	SQL commands	0	list tables [for schema <Schema_Name>];.	article
published	technology/computer/program/db2/utility	Utility	Utility	0	Working notes on Utility: db2val.	article
published	technology/computer/program/dbeaver	Dbeaver	Dbeaver	0	Working notes on Dbeaver: Issues.	article
published	technology/computer/program/dbeaver/issues	Issues	Issues	0	Working notes on Issues: 1. Can’t save value via UI - says: pkey not in resultset, 1. Solution, 2. Can’t save value via UI - from a select query result set - says: virtual_pkey not present, 1. Solution, and ?Set virtual pkey.	article
published	technology/computer/program/dd_wrt	DD-WRT	DD-WRT	0	Working notes on DD-WRT: DD-Wrt.	article
published	technology/computer/program/dd_wrt/dd_wrt	DD-Wrt	DD-Wrt	0	After typing info into the three boxes, you must scroll down to the bottom of the page and Save. It must be done for each entry before clicking add to get a new set of blank boxes.	article
published	technology/computer/program/docker	Docker	Docker	0	Working notes on Docker: CMD, Commands, Context, Jargon, and Shrink VHD.	article
published	technology/computer/program/docker/cmd	CMD	CMD	0	Working notes on CMD: First run., else, and Subsequent runs..	article
published	technology/computer/program/docker/commands	Commands	Commands	0	Docker build -t my_app .	article
published	technology/computer/program/docker/context	Context	Context	0	Context: docker context create <context>, docker docker context use <context>, and docker docker --context <context> login -u <userna.	article
published	technology/computer/program/docker/jargon	Jargon	Jargon	0	Working notes on Jargon: Docker Namespace, Docker Machine, Docker Network, and Orchestration.	article
published	technology/computer/program/docker/notes	Notes	Notes	0	Working notes on Notes: 5. Remember - the mount directory from the compose file is completely replaced - hence any operation by the build is simply overwritten and lost.	article
published	technology/computer/program/docker/shrink_vhd	Shrink VHD	Shrink VHD	0	Caution: this note covers destructive or admin-level changes.	article
published	technology/computer/program/drupal	Drupal	Drupal	0	Working notes on Drupal: Setup.	article
published	technology/computer/program/drupal/setup	Setup	Setup	0	Working notes on Setup.	article
published	technology/computer/program/eclipse	Eclipse	Eclipse	0	Working notes on Eclipse: Arguments, Bug - Tomcat 7.0 Server add, CVS, JDK, Reset, and Settings, and related topics.	article
published	technology/computer/program/eclipse/arguments	Arguments	Arguments	0	Arguments: Virtual memory, and eclipse.exe -vmargs -Xms512m -Xmx512m -XX:PermSize.	article
published	technology/computer/program/eclipse/bug_tomcat_7_0_server_add	Bug - Tomcat 7.0 Server add	Bug - Tomcat 7.0 Server add	0	Working notes on Bug - Tomcat 7.0 Server add: Issue, Soln, and Del.	article
published	technology/computer/program/eclipse/cvs	CVS	CVS	0	1. \"Window\" menu -> \"Show View\" -> \"Other\" -> find \"CVS\" section and expand -> \"CVS Repositories\".	article
published	technology/computer/program/eclipse/jdkhttps_www_matsim_org_docs_devguide_eclipse_jdk	JDKhttps://www.matsim.org/docs/devguide/eclipse/jdk	JDKhttps://www.matsim.org/docs/devguide/eclipse/jdk	0	JDKhttps://www.matsim.org/docs/devguide/eclipse/jdk: 1. eclipse.ini, 2. Place below line containing: -vm, and 2. -vmargs.	article
published	technology/computer/program/eclipse/reset	Reset	Reset	0	o[-clean -clearPersistedState.	article
published	technology/computer/program/eclipse/settings	Settings	Settings	0	Working notes on Settings: Always run last, Run/Debug > Launching > Launch Operation, Debug when breakpoints, and Run/Debug > Launching >.	article
published	technology/computer/program/eclipse/validation	Validation	Validation	0	Preferences > JavaScript > Include Path > Source >.	article
published	technology/computer/program/eclipse/web_development	Web development	Web development	0	Working notes on Web development: 1. Web development, 2. Web development tools, 3. WTP, and 4. Add classpath.	article
published	technology/computer/program/ffmpeg	ffmpeg	ffmpeg	0	Working notes on ffmpeg: HDR.	article
published	technology/computer/program/ffmpeg/hdr	HDR	HDR	0	HDR: .\\ffmpeg.exe -i \"<infile>\" -c:a copy -c:v libx265 , -ss 250 -t 5, and -ss -ss 30 -t 5.	article
published	technology/computer/program/filezilla_client	FileZilla - Client	FileZilla - Client	0	Working notes on FileZilla - Client.	article
published	technology/computer/program/filezilla_client/notes	Notes	Notes	0	Working notes on Notes: Timezone offset.	article
published	technology/computer/program/firebase	Firebase	Firebase	0	Working notes on Firebase: Email, Functions, Hosting, Install - web, and Test.	article
published	technology/computer/program/firebase/email	Email	Email	0	Working notes on Email.	article
published	technology/computer/program/firebase/functions	Functions	Functions	0	Working notes on Functions: Deploy, Emulater, Environment, Init, Mailgun, and Setup.	article
published	technology/computer/program/firebase/functions/deploy	Deploy	Deploy	0	Deploy: Only specific function, and functions:<function_name>[, …].	article
published	technology/computer/program/firebase/functions/emulater	Emulater	Emulater	0	Config to be placed in ‘functions’ directory.	article
published	technology/computer/program/firebase/functions/environment	Environment	Environment	0	Working notes on Environment: Write to file, Set, Multiple, Expands as, and access.	article
published	technology/computer/program/firebase/functions/init	Init	Init	0	Working notes on Init.	article
published	technology/computer/program/firebase/functions/mailgun	Mailgun	Mailgun	0	(same would apply for domain).	article
published	technology/computer/program/firebase/functions/setup	Setup	Setup	0	npm i --save firebase-functions@latest.	article
published	technology/computer/program/firebase/hosting	Hosting	Hosting	0	Working notes on Hosting: 2. Download firebase, 3. Authenticate, 4. Init, 5. Directory structure, 1. Project directory, and 8. Deploy.	article
published	technology/computer/program/firebase/install_web	Install - web	Install - web	0	npm install -g firebase-tools.	article
published	technology/computer/program/firebase/test	Test	Test	0	Will print the localhost url with port.	article
published	technology/computer/program/fly_io	fly io	fly io	0	Working notes on fly io: db install and Setup.	article
published	technology/computer/program/fly_io/db_install	db install	db install	0	Working notes on db install: use latest image and update.	article
published	technology/computer/program/fly_io/setup	Setup	Setup	0	Working notes on Setup: 1. join org account, 2. two ways to init, 3. command line tool, 4. login, 5. create app, and 3. Config file.	article
published	technology/computer/program/free_download_manager	Free Download Manager	Free Download Manager	0	Working notes on Free Download Manager: Download all.	article
published	technology/computer/program/free_download_manager/download_all	Download all	Download all	0	Navigate to the page > Copy URL.	article
published	technology/computer/program/gimp	GIMP	GIMP	0	Working notes on GIMP: Resynthesizer.	article
published	technology/computer/program/gimp/resynthesizer	Resynthesizer	Resynthesizer	0	GIMP Resynthesizer is BETTER Than Photoshop's Content Aware Fill.	article
published	technology/computer/program/git	Git	Git	0	Working notes on Git: Backup, BitBucket, Branch, Commands, Continue, and cr-lf, and related topics.	article
published	technology/computer/program/git/backup	Backup	Backup	0	Working notes on Backup: Central repo and Bare repo (w/o .git and WD, content of .git at ./).	article
published	technology/computer/program/git/bitbucket	BitBucket	BitBucket	0	Working notes on BitBucket: Create repository and At console.	article
published	technology/computer/program/git/branch	Branch	Branch	0	Updates a local branch from a remote repository while preserving your uncommitted changes and maintaining a clean workflow.	article
published	technology/computer/program/git/commands	Commands	Commands	0	Working notes on Commands: init, add, reset, clone, remote, and diff.	article
published	technology/computer/program/git/continue	Continue	Continue	0	1. Branch a private copy.	article
published	technology/computer/program/git/cr_lf	cr-lf	cr-lf	0	Working notes on cr-lf: Here are the different settings and their effects, * core.autocrlf true (change for both - local and remote automatically), * core.autocrlf input (change only to input i.e. for remote), and * core.autocrlf off (change nothing).	article
published	technology/computer/program/git/crash_course	Crash course	Crash course	0	Crash course: status, diff head, reset _, checkout _, and rm _.	article
published	technology/computer/program/git/detached_head	Detached head	Detached head	0	The head points to a commit not on the branch.	article
published	technology/computer/program/git/diff	Diff	Diff	0	git remote add <id> <path>.git.	article
published	technology/computer/program/git/file_rename_only_case	File rename only case	File rename only case	0	Issue on case-insensitive OS like Windows & Mac.	article
published	technology/computer/program/git/history	History	History	0	git log --follow -p -- <file>.	article
published	technology/computer/program/git/ignore	Ignore	Ignore	0	Working notes on Ignore: comment, Tracked file, and Undo.	article
published	technology/computer/program/git/init	init	init	0	Does not alter on checkout.	article
published	technology/computer/program/git/issues	Issues	Issues	0	**Message.** Rejected master -> master (non-fast-forward).	article
published	technology/computer/program/git/list	List	List	0	Show files in git index.	article
published	technology/computer/program/git/mac	Mac	Mac	0	Working notes on Mac: 2. Git config username and email needs to be set on init.	article
published	technology/computer/program/git/master_to_main	master to main	master to main	0	Create branch from main - rename.	article
published	technology/computer/program/git/merge_branch	Merge branch	Merge branch	0	Merge branch: Select the branch to merge to, Merge, Delete, Push, and Choose one version over the other.	article
published	technology/computer/program/git/multiple_accounts	Multiple accounts	Multiple accounts	0	Assisted by google workspace - help me write.	article
published	technology/computer/program/git/notes	Notes	Notes	0	Git does not let you work on any one else’s branch.	article
published	technology/computer/program/git/ownership	Ownership	Ownership	0	Ownership: Change origin, and git remote set-url origin <>.	article
published	technology/computer/program/git/remote	Remote	Remote	0	‘Origin’ is the default one.	article
published	technology/computer/program/git/remote_filesystem	Remote - filesystem	Remote - filesystem	0	Working notes on Remote - filesystem: 1. Remote, 1. Create remote directory, 2. At client, 1., 2. Add remote, and 3. Push.	article
published	technology/computer/program/git/remote_mirror	Remote mirror	Remote mirror	0	Every fetch overrides any local change.	article
published	technology/computer/program/git/remote_structure	Remote structure	Remote structure	0	Working notes on Remote structure: Working directory, C, Main remote, D, First backup, and U.	article
published	technology/computer/program/git/remove	Remove	Remove	0	Working notes on Remove: at once.	article
published	technology/computer/program/git/rename_branch	Rename branch	Rename branch	0	Rename branch: git push origin :old_branch, git branch -m old_branch new_branch # Rena, and git push --set-upstream origin new_branch # Push.	article
published	technology/computer/program/git/signed	Signed	Signed	0	gpg --list-secret-keys --keyid-format=long.	article
published	technology/computer/program/git/stash	Stash	Stash	0	Working notes on Stash: git stash, (save), apply, pop, drop, and list.	article
published	technology/computer/program/git/submodule	Submodule	Submodule	0	Working notes on Submodule: Instead only a .git file, *Path should match in / style too, The directory name though still is the git target’s name, This has to be renamed manually if required, Should show up as a already staged entry in git status, and deinit.	article
published	technology/computer/program/git/tags	tags	tags	0	Working notes on tags: tag.	article
published	technology/computer/program/git/tutorials	Tutorials	Tutorials	0	5th of September - 2022.	article
published	technology/computer/program/git/undo	Undo	Undo	0	Undo: Keep interim changes between, Remove trace (nuke), Remove the very first commit, Minor changes, and Git reset --soft HEAD~.	article
published	technology/computer/program/git/unexpected_modified_marks	Unexpected modified marks	Unexpected modified marks	0	1. input is modified - to LF.	article
published	technology/computer/program/github	GitHub	GitHub	0	Working notes on GitHub: Actions, Org-readme, Repo name, and Search.	article
published	technology/computer/program/github/actions	Actions	Actions	0	Working notes on Actions: Pull repo from another, steps, jobs, - name: checkout repo, with, and ?Same user’s repos.	article
published	technology/computer/program/github/org_readme	Org-readme	Org-readme	0	Working notes on Org-readme: 1. repo named, 2. dir, and 3. file.	article
published	technology/computer/program/github/repo_name	Repo name	Repo name	0	Repo name: function getElementByXpath(path) {, function overrideRepoNames(repoNames) {, for (x in repoNames) {, getElementByXpath('//*[@id=\"desktop-app-toolbar\"]/div[1]/div/div/button').addEventLi.	article
published	technology/computer/program/github/search	Search	Search	0	<text>.	article
published	technology/computer/program/gmail	GMail	GMail	0	Working notes on GMail: Alias.	article
published	technology/computer/program/gmail/alias	Alias	Alias	0	Like user email aliases, each group can have up to 30 aliases.	article
published	technology/computer/program/gmail/notes	Notes	Notes	0	Working notes on Notes.	article
published	technology/computer/program/google_analytics	Google Analytics	Google Analytics	0	Working notes on Google Analytics: Excluding internal.	article
published	technology/computer/program/google_analytics/excluding_internal	Excluding internal	Excluding internal	0	Working notes on Excluding internal: References, 4. Use custom dimension (universal only), and 6. Tag assistant.	article
published	technology/computer/program/google_analytics/notes	Notes	Notes	0	Pageviews & Virtual pageviews (dynamic / AJAX).	article
published	technology/computer/program/google_apps	Google Apps	Google Apps	0	Working notes on Google Apps: Delete account and Directory.	article
published	technology/computer/program/google_apps/delete_account	Delete account	Delete account	0	Working notes on Delete account: Download data, New Drive data owner, and Move archive directory.	article
published	technology/computer/program/google_apps/directory	Directory	Directory	0	Working notes on Directory: Contact sharing - enable, > Users, and > Groups.	article
published	technology/computer/program/google_chrome	Google Chrome	Google Chrome	0	Working notes on Google Chrome: CommandLine Switches, Config pages, CORS, Default icons, Flags, and Inspect, and related topics.	article
published	technology/computer/program/google_chrome/commandline_switches	CommandLine Switches	CommandLine Switches	0	CommandLine Switches: --proxy-server=[Server] Can be made empty t, --proxy-server=[Server] --no-proxy-server , --no-proxy-server --profile-directory=\"<Default|Pr, and --profile-directory=\"<Default.	article
published	technology/computer/program/google_chrome/config_pages	Config pages	Config pages	0	Working notes on Config pages.	article
published	technology/computer/program/google_chrome/cors	CORS	CORS	0	CORS: Bypass, and \"C:\\Program Files (x86)\\Google\\Chrome\\Application\\.	article
published	technology/computer/program/google_chrome/default_icons	Default icons	Default icons	0	Default icons: foreach ($file in (ls \"~\\AppData\\Roaming\\Microsoft\\Windows\\Start Menu\\Programs\\Chrome Apps\")) {.	article
published	technology/computer/program/google_chrome/flags	Flags	Flags	0	Working notes on Flags: Smooth Scrolling, GPU compositing on all pages, Threaded compositing, Accelerated overflow scroll, GPU Accelerated SVG Filters, and Disable 3D software rasterizer.	article
published	technology/computer/program/google_chrome/inspect	Inspect	Inspect	0	Working notes on Inspect: Dynamic script, JS debug, and Save sync.	article
published	technology/computer/program/google_chrome/inspect/dynamic_script	Dynamic script	Dynamic script	0	Append the following at the end of a script snippet.	article
published	technology/computer/program/google_chrome/inspect/js_debug	JS debug	JS debug	0	**Local file.** Index.html that refers to script.js.	article
published	technology/computer/program/google_chrome/inspect/notes	Notes	Notes	0	Working notes on Notes: Copy to clipboard and Active element - highlighted by pointer.	article
published	technology/computer/program/google_chrome/inspect/save_sync	Save sync	Save sync	0	Sources > Context-menu > SaveAs.	article
published	technology/computer/program/google_chrome/omnibar	Omnibar	Omnibar	0	Working notes on Omnibar.	article
published	technology/computer/program/google_chrome/print	Print	Print	0	Set Header & Footer to None.	article
published	technology/computer/program/google_chrome/profile	Profile	Profile	0	Working notes on Profile: Switch, Change index for profile creation : directory name, and ‘Loca state’ > ‘Profiles_created’.	article
published	technology/computer/program/google_chrome/vp9_hardware_decode	vp9 Hardware decode	vp9 Hardware decode	0	Working notes on vp9 Hardware decode: chrome://gpu.	article
published	technology/computer/program/google_chrome/x64_in_x86_issue	x64 - in x86 : issue	x64 - in x86 : issue	0	Working notes on x64 - in x86 : issue.	article
published	technology/computer/program/google_cloud	Google Cloud	Google Cloud	0	Working notes on Google Cloud: Functions.	article
published	technology/computer/program/google_cloud/functions	Functions	Functions	0	Notes: Local emulator, Create, Start emulator, Deploy, and Call.	article
published	technology/computer/program/google_cloud/functions/notes	Notes	Notes	0	Notes: Local emulator, Create, Start emulator, Deploy, and Call.	article
published	technology/computer/program/google_drive	Google Drive	Google Drive	0	Working notes on Google Drive: Comment, Doc 2 html, Multiple account sync, Shared folder (in), and SpreadSheet.	article
published	technology/computer/program/google_drive/comment	Comment	Comment	0	**To comment on a specific point.** Select, by highlighting the words or placing your cursor at the point you wish to comment upon - then 'Insert' > 'Comment' or {Ctrl + Alt + M}.	article
published	technology/computer/program/google_drive/doc_2_html	Doc 2 html	Doc 2 html	0	Working notes on Doc 2 html.	article
published	technology/computer/program/google_drive/multiple_account_sync	Multiple account sync	Multiple account sync	0	Working notes on Multiple account sync: 2. Run setup script, with following content, 4. Run, and 5. Create a startup entry for this bat file.	article
published	technology/computer/program/google_drive/note	Note	Note	0	**Remember.** Double quotes - specialized when typed.	article
published	technology/computer/program/google_drive/shared_folder_in	Shared folder (in)	Shared folder (in)	0	Shortcut menu (right click) > Move to home folder.	article
published	technology/computer/program/google_drive/spreadsheet	SpreadSheet	SpreadSheet	0	Working notes on SpreadSheet: Difference and Indian number format.	article
published	technology/computer/program/google_drive/spreadsheet/difference	Difference	Difference	0	Working notes on Difference: Unique.	article
published	technology/computer/program/google_drive/spreadsheet/indian_number_format	Indian number format	Indian number format	0	Does not work when two negative limits are combined.	article
published	technology/computer/program/google_drive/spreadsheet/notes	Notes	Notes	0	Working notes on Notes: Reference data from sheet, Reference data from workbook, =importrange(spreadsheet-key, range), and =text(A1,”0000”).	article
published	technology/computer/program/google_maps	Google Maps	Google Maps	0	Working notes on Google Maps.	article
published	technology/computer/program/google_maps/links	Links	Links	0	Working notes on Links.	article
published	technology/computer/program/google_maps/notes	Notes	Notes	0	Notes: Direction, Location, Reverse geocoding, Address to map, and Reverse geocoding https://maps.googleapis.com/maps.	article
published	technology/computer/program/google_search	Google Search	Google Search	0	Working notes on Google Search.	article
published	technology/computer/program/google_search/notes	Notes	Notes	0	1. Send directions to phone.	article
published	technology/computer/program/google_translate	Google Translate	Google Translate	0	Working notes on Google Translate: Web plugin.	article
published	technology/computer/program/google_translate/web_plugin	Web plugin	Web plugin	0	Notes: HORIZONTAL, Google branding only logo, within box, and VERTICAL.	article
published	technology/computer/program/google_translate/web_plugin/notes	Notes	Notes	0	Notes: HORIZONTAL, Google branding only logo, within box, and VERTICAL.	article
published	technology/computer/program/grub	Grub	Grub	0	Working notes on Grub: Rescue.	article
published	technology/computer/program/grub/rescue	Rescue	Rescue	0	The moral of the story is try each partition until it works =p.	article
published	technology/computer/program/gscript	GScript	GScript	0	Working notes on GScript.	article
published	technology/computer/program/gscript/notes	Notes	Notes	0	Working notes on Notes: Source.	article
published	technology/computer/program/gtalk	GTalk	GTalk	0	Working notes on GTalk: Pin button.	article
published	technology/computer/program/gtalk/pin_button	Pin button	Pin button	0	[HKEY_CURRENT_USER\\Software\\Google\\Google Talk\\Options].	article
published	technology/computer/program/ie	IE	IE	0	Working notes on IE: Command line.	article
published	technology/computer/program/ie/command_line	Command line	Command line	0	Command line: InPrivate, and InPrivate -private.	article
published	technology/computer/program/inkscape	Inkscape	Inkscape	0	Working notes on Inkscape: Command line.	article
published	technology/computer/program/inkscape/command_line	Command line	Command line	0	Working notes on Command line: Binary, for input from stdin, has issues when hindi language text is passed, and 1st argument.	article
published	technology/computer/program/inkscape/notes	Notes	Notes	0	Working notes on Notes: 1. Select nodes underneath, 2. Invert colours (Black & White), and 3. Object trace not working.	article
published	technology/computer/program/install_location	Install location	Install location	0	Layout for Program Files, ProgramData, and UserAppData as Organization, optional product group, then Product.	article
published	technology/computer/program/installshield	InstallShield	InstallShield	0	Working notes on InstallShield: Commandline.	article
published	technology/computer/program/installshield/commandline	Commandline	Commandline	0	setup.exe /b\"<outdir>\" /v\"/l \"<debugfile>\"\".	article
published	technology/computer/program/internet_explorer	Internet Explorer	Internet Explorer	0	Working notes on Internet Explorer: Policies and Shortcuts.	article
published	technology/computer/program/internet_explorer/policies	Policies	Policies	0	Disable (Hide) the Connections page.	article
published	technology/computer/program/internet_explorer/shortcuts	Shortcuts	Shortcuts	0	Working notes on Shortcuts: Save settings.	article
published	technology/computer/program/java	Java	Java	0	Working notes on Java: Decompiler, Environment Vars, Memory, and VM options.	article
published	technology/computer/program/java/decompiler	Decompiler	Decompiler	0	Working notes on Decompiler.	article
published	technology/computer/program/java/environment_vars	Environment Vars	Environment Vars	0	Gets auto updated when Java is updated (Oracle).	article
published	technology/computer/program/java/memory	Memory	Memory	0	Working notes on Memory: xms and xmx.	article
published	technology/computer/program/java/vm_options	VM options	VM options	0	-X<var_code>.	article
published	technology/computer/program/jmeter	JMeter	JMeter	0	Working notes on JMeter: Enable compression.	article
published	technology/computer/program/jmeter/enable_compression	Enable compression	Enable compression	0	Add an HTTP Header Manager to the Thread Group in your Test Plan.	article
published	technology/computer/program/keytool	Keytool	Keytool	0	Working notes on Keytool.	article
published	technology/computer/program/keytool/notes	Notes	Notes	0	Notes: keytool -importkeystore -deststorepass <PASS> -des, and keytool -import -trustcacerts -alias root -file <c.	article
published	technology/computer/program/laravel	Laravel	Laravel	0	Working notes on Laravel: Issue.	article
published	technology/computer/program/laravel/issue	Issue	Issue	0	**services.json failed to open stream.** Permission denied in Laravel 4.	article
published	technology/computer/program/llm	LLM	LLM	0	Working notes on LLM: List.	article
published	technology/computer/program/llm/list	List	List	0	Working notes on List.	article
published	technology/computer/program/mailgun	Mailgun	Mailgun	0	Working notes on Mailgun: Setup.	article
published	technology/computer/program/mailgun/setup	Setup	Setup	0	Working notes on Setup.	article
published	technology/computer/program/maya	Maya	Maya	0	Working notes on Maya: White background.	article
published	technology/computer/program/maya/white_background	White background	White background	0	Working notes on White background.	article
published	technology/computer/program/mercurial	Mercurial	Mercurial	0	Working notes on Mercurial: Proxy.	article
published	technology/computer/program/mercurial/proxy	Proxy	Proxy	0	Working notes on Proxy: Environment variable.	article
published	technology/computer/program/mermaid	Mermaid	Mermaid	0	Working notes on Mermaid.	article
published	technology/computer/program/mermaid/notes	Notes	Notes	0	Mermaid - code to diagram.	article
published	technology/computer/program/microsoft_excel	Microsoft Excel	Microsoft Excel	0	Working notes on Microsoft Excel: Import, Lookup, Set Column width, and Set Row height.	article
published	technology/computer/program/microsoft_excel/import	Import	Import	0	=importrange(\"\", \"<>:<>\")	article
published	technology/computer/program/microsoft_excel/lookup	Lookup	Lookup	0	Working notes on Lookup.	article
published	technology/computer/program/microsoft_excel/set_column_width	Set Column width	Set Column width	0	While (ActiveCell.Width <> points) And (Count < 20)	article
published	technology/computer/program/microsoft_excel/set_row_height	Set Row height	Set Row height	0	Cell height cannot be resized via GUI.	article
published	technology/computer/program/microsoft_office	Microsoft Office	Microsoft Office	0	Working notes on Microsoft Office: 2007.	article
published	technology/computer/program/microsoft_office/n2007	2007	2007	0	2007: C:\\Program Files (x86)\\Common Files\\microsoft shar, and Setup.exe.	article
published	technology/computer/program/microsoft_outlook	Microsoft Outlook	Microsoft Outlook	0	Working notes on Microsoft Outlook: Add button, Delete deleted, Hide - markerd deleted, Import Contact csv Outlook, Migrate, and Purge cached email addresses, and related topics.	article
published	technology/computer/program/microsoft_outlook/add_button	Add button	Add button	0	Select Tools | Customize... from the menu.	article
published	technology/computer/program/microsoft_outlook/delete_deleted	Delete deleted	Delete deleted	0	Working notes on Delete deleted.	article
published	technology/computer/program/microsoft_outlook/hide_markerd_deleted	Hide - markerd deleted	Hide - markerd deleted	0	Working notes on Hide - markerd deleted.	article
published	technology/computer/program/microsoft_outlook/import_contact_csv_outlook	Import Contact csv Outlook	Import Contact csv Outlook	0	File > Import/Export > Import for another program > .csv > >.	article
published	technology/computer/program/microsoft_outlook/migrate	Migrate	Migrate	0	Working notes on Migrate: Registry and Files.	article
published	technology/computer/program/microsoft_outlook/purge_cached_email_addresses	Purge cached email addresses	Purge cached email addresses	0	Select with arrow key (down) and {Del}.	article
published	technology/computer/program/microsoft_outlook/settings	Settings	Settings	0	Working notes on Settings: Remove all from Favorite Folders.	article
published	technology/computer/program/microsoft_remote_desktop	Microsoft Remote Desktop	Microsoft Remote Desktop	0	Working notes on Microsoft Remote Desktop: Shortcut Keys.	article
published	technology/computer/program/microsoft_remote_desktop/shortcut_keys	Shortcut Keys	Shortcut Keys	0	Working notes on Shortcut Keys: Shortcut key.	article
published	technology/computer/program/microsoft_security_essentials	Microsoft Security Essentials	Microsoft Security Essentials	0	Working notes on Microsoft Security Essentials: Allow.	article
published	technology/computer/program/microsoft_security_essentials/allow	Allow	Allow	0	Working notes on Allow: 1., > History > All detected items, and 2..	article
published	technology/computer/program/microsoft_sql_server	Microsoft SQL Server	Microsoft SQL Server	0	Working notes on Microsoft SQL Server.	article
published	technology/computer/program/microsoft_sql_server/notes	Notes	Notes	0	Notes: Port, SQL Commandline utilities, Limit, and C:\\Program Files\\Microsoft SQL Server\\90\\Tools\\Bin.	article
published	technology/computer/program/microsoft_visual_studio	Microsoft Visual Studio	Microsoft Visual Studio	0	Working notes on Microsoft Visual Studio: Break on exit, Emulator, and File types.	article
published	technology/computer/program/microsoft_visual_studio/break_on_exit	Break on exit	Break on exit	0	Working notes on Break on exit: Function breakpoint and ExitProcess.	article
published	technology/computer/program/microsoft_visual_studio/emulator	Emulator	Emulator	0	Working notes on Emulator: Command line.	article
published	technology/computer/program/microsoft_visual_studio/emulator/command_line	Command line	Command line	0	Command line: emulatorcmd.exe launch /sku:Android /id:<UUID>.	article
published	technology/computer/program/microsoft_visual_studio/file_types	File types	File types	0	Working notes on File types: suo.	article
published	technology/computer/program/microsoft_word	Microsoft Word	Microsoft Word	0	Working notes on Microsoft Word: Change Case.	article
published	technology/computer/program/microsoft_word/change_case	Change Case	Change Case	0	* Home tab, in the Font group, click Change Case.	article
published	technology/computer/program/mysql	MySQL	MySQL	0	Working notes on MySQL: Authentication, Commands, Export output to file, Function, Import, and Insert, and related topics.	article
published	technology/computer/program/mysql/authentication	Authentication	Authentication	0	Setting the “authentication plugin” to the older one at the user level is not sufficient if the “default authentication plugin” for the server is set to the newer plugin.	article
published	technology/computer/program/mysql/commands	Commands	Commands	0	Working notes on Commands.	article
published	technology/computer/program/mysql/export_output_to_file	Export output to file	Export output to file	0	Working notes on Export output to file: 3. MySQL-dump.	article
published	technology/computer/program/mysql/function	Function	Function	0	Working notes on Function: mysqli_real_escape_string() and error_log().	article
published	technology/computer/program/mysql/import	Import	Import	0	Import: -u username -p -h 202.54.1.10 <, and --max_allowed_packet=100M.	article
published	technology/computer/program/mysql/insert	Insert	Insert	0	Insert: insert into <table> values (‘<value>’|NULL...).	article
published	technology/computer/program/mysql/mac	Mac	Mac	0	Working notes on Mac.	article
published	technology/computer/program/mysql/manage	Manage	Manage	0	Working notes on Manage: Kill and Status.	article
published	technology/computer/program/mysql/notes	Notes	Notes	0	Working notes on Notes: NULL, ‘field’=NULL will not work, and Escape.	article
published	technology/computer/program/mysql/password	Password	Password	0	UPDATE mysql.user SET Password=PASSWORD('MyNewPass') WHERE User='root';.	article
published	technology/computer/program/mysql/remote_access	Remote access	Remote access	0	Remote access: 0.0.0.0, verify, /etc//mysql/my.cnf, bind-address =, and lsof -i -P | grep :3306.	article
published	technology/computer/program/mysql/replace	Replace	Replace	0	Replace: UPDATE <table>, and UPDATE SET <column> = REPLACE(<column>, '<existing.	article
published	technology/computer/program/mysql/security	Security	Security	0	Working notes on Security.	article
published	technology/computer/program/mysql/status	Status	Status	0	Status: # mysqladmin -u root -p status.	article
published	technology/computer/program/mysql/table_information	Table Information	Table Information	0	Working notes on Table Information.	article
published	technology/computer/program/netbeans	Netbeans	Netbeans	0	Working notes on Netbeans: Web support.	article
published	technology/computer/program/netbeans/web_support	Web support	Web support	0	Working notes on Web support: Plugin, Old, and 7.x.	article
published	technology/computer/program/nextjs	nextjs	nextjs	0	Working notes on nextjs.	article
published	technology/computer/program/nextjs/notes	Notes	Notes	0	If CSS styles are missing - rebuild (purge cache).	article
published	technology/computer/program/nitgen_access_manager	Nitgen Access Manager	Nitgen Access Manager	0	Working notes on Nitgen Access Manager: Setup.	article
published	technology/computer/program/nitgen_access_manager/setup	Setup	Setup	0	(You may refer to the chart/table given in the manual that specifies what pre-requisites be installed on which OS).	article
published	technology/computer/program/nodejs	nodejs	nodejs	0	Working notes on nodejs.	article
published	technology/computer/program/nodejs/notes	Notes	Notes	0	Working notes on Notes: Version.	article
published	technology/computer/program/notepad	Notepad++	Notepad++	0	Working notes on Notepad++: Column mode, Find - more than one 'space, RegEx, Replace more than one line, Settings, and Themes.	article
published	technology/computer/program/notepad/column_mode	Column mode	Column mode	0	Working notes on Column mode: Prevent multiplication.	article
published	technology/computer/program/notepad/find_more_than_one_space	Find - more than one 'space	Find - more than one 'space	0	Working notes on Find - more than one 'space': find RegEx.	article
published	technology/computer/program/notepad/regex	RegEx	RegEx	0	Working notes on RegEx: Coding, Remove comments, and Replace with found.	article
published	technology/computer/program/notepad/regex/coding	Coding	Coding	0	Working notes on Coding.	article
published	technology/computer/program/notepad/regex/remove_comments	Remove comments	Remove comments	0	Working notes on Remove comments: #.*$, ^\\s+$, and -.	article
published	technology/computer/program/notepad/regex/replace_with_found	Replace with found	Replace with found	0	( X ) ( Y ).	article
published	technology/computer/program/notepad/replace_more_than_one_line	Replace more than one line	Replace more than one line	0	TextFX > Edit > Remove surplus lines.	article
published	technology/computer/program/notepad/settings	Settings	Settings	0	Working notes on Settings.	article
published	technology/computer/program/notepad/themes	Themes	Themes	0	**Go to Settings > Styler Configurator.** Select Theme.	article
published	technology/computer/program/obs_studio	OBS studio	OBS studio	0	Working notes on OBS studio: NDI.	article
published	technology/computer/program/obs_studio/ndi	NDI	NDI	0	Working notes on NDI.	article
published	technology/computer/program/openssl	OpenSSL	OpenSSL	0	Working notes on OpenSSL: Check connection, Config file, Config file - Prompt, Config file - Silent, SSL certificate - external, and SSL certificate - internal, and related topics.	article
published	technology/computer/program/openssl/check_connection	Check connection	Check connection	0	Check connection: openssl s_client -connect google.com:443 -ssl3.	article
published	technology/computer/program/openssl/config_file	Config file	Config file	0	Working notes on Config file: keyUsage = digitalSignature, keyEncipherment and keyUsage = nonRepudiation, digitalSignature, keyEncipherment.	article
published	technology/computer/program/openssl/config_file_prompt	Config file - Prompt	Config file - Prompt	0	CountryName = Country Name (2 letter code).	article
published	technology/computer/program/openssl/config_file_silent	Config file - Silent	Config file - Silent	0	Working notes on Config file - Silent.	article
published	technology/computer/program/openssl/notes	Notes	Notes	0	Public key from private key.	article
published	technology/computer/program/openssl/ssl_certificate_external	SSL certificate - external	SSL certificate - external	0	SSL certificate - external: 1. Generate Private key, 2. Create the CSR file, 1. Provide details on prompt, The output content of CSR file can be verified using, and 5. Create certificate file.	article
published	technology/computer/program/openssl/ssl_certificate_internal	SSL certificate - internal	SSL certificate - internal	0	SSL certificate - internal: Debug, Check, 2. openssl req -new -out server.csr, openssl req -in server.csr -text -noout, and 3. openssl rsa -in privkey.pem -out server.key.	article
published	technology/computer/program/openssl/windows	Windows	Windows	0	Working notes on Windows: command.	article
published	technology/computer/program/origin	Origin	Origin	0	Working notes on Origin: Migrate.	article
published	technology/computer/program/origin/migrate	Migrate	Migrate	0	Move game directory to backup.	article
published	technology/computer/program/php	PHP	PHP	0	Working notes on PHP: Apache HTTPD, Echo, Log, Mac, Modules, and PHP.ini, and related topics.	article
published	technology/computer/program/php/apache_httpd	Apache HTTPD	Apache HTTPD	0	Thread safe for use with Apache (will contain php5apache2_4.dll).	article
published	technology/computer/program/php/echo	Echo	Echo	0	Single quote requires no escaping.	article
published	technology/computer/program/php/log	Log	Log	0	Specify log file in php.ini.	article
published	technology/computer/program/php/mac	Mac	Mac	0	Working notes on Mac: MCrypt.	article
published	technology/computer/program/php/modules	Modules	Modules	0	Ensure that required dlls for the modules are also loaded.	article
published	technology/computer/program/php/php_ini	PHP.ini	PHP.ini	0	Uncomment to add the module.	article
published	technology/computer/program/php/phpinfo	PHPInfo	PHPInfo	0	Working notes on PHPInfo.	article
published	technology/computer/program/pipefy	Pipefy	Pipefy	0	Working notes on Pipefy.	article
published	technology/computer/program/pipefy/notes	Notes	Notes	0	Sub processes can be their own pipes.	article
published	technology/computer/program/postgresql	PostgreSQL	PostgreSQL	0	Working notes on PostgreSQL: Commands, Design, Direct start, Execute, Free connections, and Functions, and related topics.	article
published	technology/computer/program/postgresql/commands	Commands	Commands	0	Working notes on Commands: Quit, Import, db, tables, Relations, and Insert {\\n}.	article
published	technology/computer/program/postgresql/design	Design	Design	0	Working notes on Design: CREATE TABLE user (, Foreign, is still referenced from table, and Constraint.	article
published	technology/computer/program/postgresql/direct_start	Direct start	Direct start	0	pg_ctl.exe -o \"-p 5433\" -D %PGDATA% start.	article
published	technology/computer/program/postgresql/execute	Execute	Execute	0	Execute: PSQL -h<localhost|<IP[:Port]>> -U<username> -d<Dat.	article
published	technology/computer/program/postgresql/free_connections	Free connections	Free connections	0	Working notes on Free connections: Terminate.	article
published	technology/computer/program/postgresql/functions	Functions	Functions	0	nextVal((<Sequence>))	article
published	technology/computer/program/postgresql/notes	Notes	Notes	0	NULL and empty string ‘’ are entirely different.	article
published	technology/computer/program/postgresql/pom	POM	POM	0	POM: <dependency>, <groupId>org.postgresql</groupId>, <groupId>org.postgresql</groupId> <artifactId>post, <artifactId>postgresql</artifactId> <version>9.4-1, and <version>9.4-1200-jdbc41</version>.	article
published	technology/computer/program/postgresql/transfer	Transfer	Transfer	0	pg_dump -U postgres -t <old_table> <old_database> | psql -U postgres -d <new_database>.	article
published	technology/computer/program/powershell	PowerShell	PowerShell	0	Working notes on PowerShell: Commands, Env vars, Execution policy, Gotchas, and History.	article
published	technology/computer/program/powershell/commands	Commands	Commands	0	Commands: Show all - command shortcuts.	article
published	technology/computer/program/powershell/env_vars	Env vars	Env vars	0	Working notes on Env vars: View, Set, and ! Note.	article
published	technology/computer/program/powershell/execution_policy	Execution policy	Execution policy	0	Prevent unintentional execution of scripts.	article
published	technology/computer/program/powershell/gotchas	Gotchas	Gotchas	0	Does not like curly branches {.	article
published	technology/computer/program/powershell/history	History	History	0	History: Set-PSReadLineOption –HistoryNoDuplicates:$True, and %AppData%\\Microsoft\\Windows\\PowerShell\\PSReadLine\\.	article
published	technology/computer/program/putty	Putty	Putty	0	Working notes on Putty: Command line, Pvt key provided - flow, and SSH.	article
published	technology/computer/program/putty/command_line	Command line	Command line	0	-load \"<session_name>\".	article
published	technology/computer/program/putty/pvt_key_provided_flow	Pvt key provided - flow	Pvt key provided - flow	0	Working notes on Pvt key provided - flow: 1. if key explicit, 1. Check serial with server, 1. Ok, 1. If passphrase, and 2. Else keys::PAgent.	article
published	technology/computer/program/putty/ssh	SSH	SSH	0	Working notes on SSH: Key Generator and If key is saved with passphrase.	article
published	technology/computer/program/python	Python	Python	0	Working notes on Python: Requirements.	article
published	technology/computer/program/python/requirements	Requirements	Requirements	0	pipreqs --force --ignore .venv,archive ./	article
published	technology/computer/program/relive	Relive	Relive	0	Working notes on Relive: Issue.	article
published	technology/computer/program/relive/issue	Issue	Issue	0	Working notes on Issue: Hotkey not working, Cause, Solution, No audio, and Solution.	article
published	technology/computer/program/remote	Remote	Remote	0	Remote access options used here: Remote Desktop, Remote Assistance, and TeamViewer.	article
published	technology/computer/program/reshade	Reshade	Reshade	0	Working notes on Reshade.	article
published	technology/computer/program/reshade/notes	Notes	Notes	0	That is, D3D8 to D3D9.	article
published	technology/computer/program/rsync	RSync	RSync	0	Working notes on RSync: Command.	article
published	technology/computer/program/rsync/command	Command	Command	0	Trailing slash : contents of directory not directory.	article
published	technology/computer/program/runpod	Runpod	Runpod	0	Working notes on Runpod: Commands.	article
published	technology/computer/program/runpod/commands	Commands	Commands	0	1. runpodctl stop pod $RUNPOD_POD_ID.	article
published	technology/computer/program/screenbright	ScreenBright	ScreenBright	0	Working notes on ScreenBright: Commandline.	article
published	technology/computer/program/screenbright/commandline	Commandline	Commandline	0	Working notes on Commandline: save, Soft, and High.	article
published	technology/computer/program/sed	Sed	Sed	0	Working notes on Sed: Content between and Line ending.	article
published	technology/computer/program/sed/content_between	Content between	Content between	0	sed -n \"/COPY TABLE/,/'\\.'/p\" x.txt.	article
published	technology/computer/program/sed/line_ending	Line ending	Line ending	0	Working notes on Line ending: CRLF to LF, Current - recursive, and LF to CRLF.	article
published	technology/computer/program/sed/notes	Notes	Notes	0	Can use ‘|’ instead of ‘/’.	article
published	technology/computer/program/selenium	Selenium	Selenium	0	Working notes on Selenium.	article
published	technology/computer/program/selenium/notes	Notes	Notes	0	Working notes on Notes: 1. Get Selenium web driver, 2. Get Web-driver for chrome, 2. Get your browser version, 3. Get webdriver build number, 4. Get webdriver, and 3. Place the webdriver file at.	article
published	technology/computer/program/sentry	Sentry	Sentry	0	Working notes on Sentry.	article
published	technology/computer/program/sentry/notes	Notes	Notes	0	Working notes on Notes: Trigger error, >, Get hash, and Prefer NPM install over CDN.	article
published	technology/computer/program/sharepoint	SharePoint	SharePoint	0	Working notes on SharePoint: Delete Library.	article
published	technology/computer/program/sharepoint/delete_library	Delete Library	Delete Library	0	(Top-Right) Site Actions > Site Settings > Site Administration > Site libraries and lists.	article
published	technology/computer/program/sharepoint/links	Links	Links	0	Links: Site, Note: to get link-, and \\\\go.onmobile.com@8081\\personal\\ujjwal_singh\\Engin.	article
published	technology/computer/program/slack	Slack	Slack	0	Working notes on Slack: Free version.	article
published	technology/computer/program/slack/free_version	Free version	Free version	0	Restricted account and Single channel account are not allowed.	article
published	technology/computer/program/spring_boot	Spring boot	Spring boot	0	Working notes on Spring boot.	article
published	technology/computer/program/spring_boot/notes	Notes	Notes	0	Start spring boot server only after the previous shutdown is complete.	article
published	technology/computer/program/steam	Steam	Steam	0	Working notes on Steam: Pin programs to start.	article
published	technology/computer/program/steam/pin_programs_to_start	Pin programs to start	Pin programs to start	0	Working notes on Pin programs to start: Copy Steam URL, New shortcut, and Shortcut icon.	article
published	technology/computer/program/svn	SVN	SVN	0	Working notes on SVN: AnkhSVN, Import in Place, Update, and Visual SVN Server.	article
published	technology/computer/program/svn/ankhsvn	AnkhSVN	AnkhSVN	0	Working notes on AnkhSVN: Clear Authentication, Init, and Remove Soln. Binding.	article
published	technology/computer/program/svn/ankhsvn/clear_authentication	Clear Authentication	Clear Authentication	0	Tools > Options > Source Control > Subversion Environment > Authentication Cache.	article
published	technology/computer/program/svn/ankhsvn/init	Init	Init	0	Do not create following structure.	article
published	technology/computer/program/svn/ankhsvn/remove_soln_binding	Remove Soln. Binding	Remove Soln. Binding	0	Working notes on Remove Soln. Binding: Edit soln file, Remove, and GlobalSection(SubversionScc) = preSolution.	article
published	technology/computer/program/svn/import_in_place	Import in Place	Import in Place	0	Create a new project folder directly in the repository.	article
published	technology/computer/program/svn/update	Update	Update	0	Since the client data - may end up too old.	article
published	technology/computer/program/svn/visual_svn_server	Visual SVN Server	Visual SVN Server	0	Working notes on Visual SVN Server: Setup.	article
published	technology/computer/program/svn/visual_svn_server/setup	Setup	Setup	0	Working notes on Setup: Repositories - ContextMenu.	article
published	technology/computer/program/sweetlow	SweetLow	SweetLow	0	Working notes on SweetLow: Details and Steps.	article
published	technology/computer/program/sweetlow/details	Details	Details	0	Working notes on Details.	article
published	technology/computer/program/sweetlow/steps	Steps	Steps	0	* Follow all steps in sequence.	article
published	technology/computer/program/teamviewer	TeamViewer	TeamViewer	0	Working notes on TeamViewer: Settings.	article
published	technology/computer/program/teamviewer/settings	Settings	Settings	0	Working notes on Settings.	article
published	technology/computer/program/tesseract	Tesseract	Tesseract	0	Working notes on Tesseract: Config and pathpytesseract.pytesseract.tesseract_cmd = r'C:\\\\Users\\\\USER\\\\AppData\\\\Local\\\\Tesseract-OCR\\\\tesseract.exe.	article
published	technology/computer/program/tesseract/config	Config	Config	0	Working notes on Config: Page segmentation modes and Character set.	article
published	technology/computer/program/tesseract/pathpytesseract_pytesseract_tesseract_cmd_r_c_users_user_appdata_local_tesseract_ocr_tesseract_exe	pathpytesseract.pytesseract.tesseract_cmd = r'C:\\Users\\USER\\AppData\\Local\\Tesseract-OCR\\tesseract.exe	pathpytesseract.pytesseract.tesseract_cmd = r'C:\\Users\\USER\\AppData\\Local\\Tesseract-OCR\\tesseract.exe	0	Working notes on pathpytesseract.pytesseract.tesseract_cmd = r'C:\\Users\\USER\\AppData\\Local\\Tesseract-OCR\\tesseract.exe'.	article
published	technology/computer/program/unity	Unity	Unity	0	Working notes on Unity: Nomenclature.	article
published	technology/computer/program/unity/nomenclature	Nomenclature	Nomenclature	0	*** Scene.** A working environment where you place objects, lights, cameras, and create the game's layout.	article
published	technology/computer/program/utilities	Utilities	Utilities	0	DNS Benchmark via namebench, with the report host and the Kwt id.	article
published	technology/computer/program/utorrent	uTorrent	uTorrent	0	Working notes on uTorrent: Disable: Featured content.	article
published	technology/computer/program/utorrent/disable_featured_content	Disable: Featured content	Disable: Featured content	0	GUI settings marked with *.	article
published	technology/computer/program/vi	VI	VI	0	Working notes on VI: Cygwin and VI.	article
published	technology/computer/program/vi/cygwin	Cygwin	Cygwin	0	Cygwin: Arrow key issue, create file, with, and ~/.virc.	article
published	technology/computer/program/vi/vi	VI	VI	0	VI: Ref, Quit, Quit without saving, all, and Save and quit.	article
published	technology/computer/program/viber	Viber	Viber	0	Working notes on Viber: Ports.	article
published	technology/computer/program/viber/ports	Ports	Ports	0	Working notes on Ports.	article
published	technology/computer/program/virtualbox	VirtualBox	VirtualBox	0	Working notes on VirtualBox.	article
published	technology/computer/program/virtualbox/notes	Notes	Notes	0	Working notes on Notes: Mount VirtualBox companion disk, In the VM host - check enable acceleration, and net use x.	article
published	technology/computer/program/vs_code	VS Code	VS Code	0	Working notes on VS Code: Replace, Settings, and Shells.	article
published	technology/computer/program/vs_code/notes	Notes	Notes	0	Working notes on Notes: 1. Edit the keyboard setting json file.	article
published	technology/computer/program/vs_code/replace	Replace	Replace	0	Working notes on Replace.	article
published	technology/computer/program/vs_code/settings	Settings	Settings	0	Working notes on Settings.	article
published	technology/computer/program/vs_code/shells	Shells	Shells	0	1. Edit settings.json (user settings).	article
published	technology/computer/program/vulkan	Vulkan	Vulkan	0	Working notes on Vulkan.	article
published	technology/computer/program/vulkan/notes	Notes	Notes	0	Working notes on Notes: vulkan-1.dll.	article
published	technology/computer/program/web	Web	Web	0	Working notes on Web: Robots.	article
published	technology/computer/program/web/robots	Robots	Robots	0	Working notes on Robots: Location.	article
published	technology/computer/program/wget	WGet	WGet	0	Working notes on WGet.	article
published	technology/computer/program/wget/notes	Notes	Notes	0	Can be used multiple times.	article
published	technology/computer/program/whatsapp	Whatsapp	Whatsapp	0	Working notes on Whatsapp: App setting path.	article
published	technology/computer/program/whatsapp/app_setting_path	App setting path	App setting path	0	C:\\Users\\Ujjwal\\AppData\\Local\\Packages\\5319275A.WhatsAppDesktop_cv1g1gvanyjgm\\LocalCache\\Roaming\\WhatsApp.	article
published	technology/computer/program/windows_media_player	Windows Media Player	Windows Media Player	0	Working notes on Windows Media Player: Commandline, Invoke, Media Player x64, and Media Player x86.	article
published	technology/computer/program/windows_media_player/commandline	Commandline	Commandline	0	/Playlist <name>.	article
published	technology/computer/program/windows_media_player/invoke	Invoke	Invoke	0	\"%ProgramFiles(x86)%\\SysInternals\\PSTools\\PSExec.exe\" -i -s Cmd.exe /c Start F:\\WMP_x64.bat.	article
published	technology/computer/program/windows_media_player/media_player_x64	Media Player x64	Media Player x64	0	**2. Replace.** ProgramFiles(x86)\\Windows Media Player > ProgramFiles\\Windows Media Player.	article
published	technology/computer/program/windows_media_player/media_player_x86	Media Player x86	Media Player x86	0	To undo the x64 change, and to switch, swap, revert and change back the default media player to Windows Media Player 12 x86 32-bit edition,.	article
published	technology/computer/program/windows_terminal	Windows Terminal	Windows Terminal	0	Working notes on Windows Terminal.	article
published	technology/computer/program/windows_terminal/notes	Notes	Notes	0	Working notes on Notes: Command line options and startingDirectory = \"%__CD__%\".	article
published	technology/computer/program/wol	WOL	Wake-on-LAN	0	Wake-on-LAN links for Aquila WOL; groups can only be added from an individual machine entry page.	article
published	technology/computer/program/wordpress	Wordpress	Wordpress	0	Working notes on Wordpress: Config, git, Permissions, Send gmail, and Setup.	article
published	technology/computer/program/wordpress/config	Config	Config	0	Working notes on Config: Plugin installation, Required modules, and Required dlls.	article
published	technology/computer/program/wordpress/git	git	git	0	Commit at every individual stage.	article
published	technology/computer/program/wordpress/permissions	Permissions	Permissions	0	The root folder is required to be readable by world.	article
published	technology/computer/program/wordpress/send_gmail	Send gmail	Send gmail	0	Send mail using wordpress mail - via gmail.	article
published	technology/computer/program/wordpress/setup	Setup	Setup	0	Working notes on Setup: Apache httpd, enable, MySQL module in php.ini, Create database, Create user, and Update.	article
published	technology/computer/program/youtube	Youtube	Youtube	0	Working notes on Youtube: Embed.	article
published	technology/computer/program/youtube/embed	Embed	Embed	0	1. Params in query string.	article
published	technology/computer/program/youtube/notes	Notes	Notes	0	Working notes on Notes: Loop.	article
published	technology/computer/program/zbrush	ZBrush	ZBrush	0	Working notes on ZBrush: iPad.	article
published	technology/computer/program/zbrush/ipad	iPad	iPad	0	Working notes on iPad.	article
published	technology/computer/program/zbrush/ipad/notes	Notes	Notes	0	Working notes on Notes: Supported formats.	article
published	technology/computer/program/caddy/setup_windows	Caddy setup on Windows	Caddy setup on Windows	0	Install and run Caddy on Windows as a local HTTPS reverse proxy for an app on localhost:3000.	article
published	technology/computer/program/caddy/setup_mac	Caddy setup on macOS	Caddy setup on macOS	0	Install Caddy with Homebrew on macOS and use it as a local HTTPS reverse proxy for an app on localhost:3000.	article
published	technology/computer/os	OS	OS	0	Operating system notes from daily use: commands, setup, and fixes across *nix, Android, Windows, macOS, iOS, and Cygwin.	article
published	technology/computer/os/nix	*Nix	*Nix	0	*nix notes: shells, ssh, packages, filesystem commands, and day-to-day system management.	article
published	technology/computer/os/nix/at	at	at	0	Schedule a one-shot job with at, including a job a minute from now.	article
published	technology/computer/os/nix/cd	cd	cd	0	cd shortcuts for previous directory, filesystem root, and home.	article
published	technology/computer/os/nix/chmod	chmod	chmod	0	chmod permission sets, who-bits, recursive -R, and 777 all-access.	article
published	technology/computer/os/nix/commands	Commands	Common commands	0	tail, follow, move, aliases, unalias, native-command prefix, and delete.	article
published	technology/computer/os/nix/cron	Cron	Cron	0	Working notes on Cron: Crontab commands.	article
published	technology/computer/os/nix/cron/commands	Crontab	Crontab commands	0	crontab flags to edit, list, and remove a user's scheduled jobs.	article
published	technology/computer/os/nix/custom	Custom	Custom	0	Working notes on Custom: Server SSH colour change.	article
published	technology/computer/os/nix/custom/server_ssh_colour_change	SSH colour	Server SSH colour change	0	Override ssh with a wrapper that sets Terminal background colour from the remote hostname.	article
published	technology/computer/os/nix/date	date	date	0	date format strings, command substitution for assignment, and when date echoes instead.	article
published	technology/computer/os/nix/delete	Delete	Delete	0	Remove empty directories with rmdir, non-empty trees with rm -rf, and files by path or match pattern.	article
published	technology/computer/os/nix/find	find	find	0	Recursive find by name, depth, type, -exec, and files modified within a time window.	article
published	technology/computer/os/nix/ftp	FTP	FTP	0	Working notes on FTP.	article
published	technology/computer/os/nix/gpg	gpg	gpg	0	Verify a digital signature with gpg on the .asc signature file.	article
published	technology/computer/os/nix/grep	grep	grep	0	grep flags for omit, exact, recursive, line numbers, context, and finding files by content.	article
published	technology/computer/os/nix/history	history	history	0	List shell command history and delete an entry by index with -d.	article
published	technology/computer/os/nix/hit_url	Hit URL	Hit a URL	0	Hit an HTTP URL with nc or bash /dev/tcp, without wget or curl.	article
published	technology/computer/os/nix/hostname	hostname	hostname	0	Display or set the hostname and FQDN, persist it in /etc/hostname and /etc/hosts, and verify.	article
published	technology/computer/os/nix/hosts	hosts	hosts	0	/etc/hosts lines mapping localhost and a host FQDN to IPv4 addresses.	article
published	technology/computer/os/nix/iptables	iptables	iptables	0	List, flush, block, allow, and clear iptables rules, including per-IP, per-port, and crawler DROP.	article
published	technology/computer/os/nix/ln	ln	ln	0	Create a symbolic link with ln -s from a relative or absolute source to a name.	article
published	technology/computer/os/nix/ls	ls	ls	0	ls flags for human-readable size, long format, timestamps, and the long-listing columns.	article
published	technology/computer/os/nix/management	Management	Management	0	Working notes on Management: Disk, File, Firewall, Memory, Network, and Permissions, and related topics.	article
published	technology/computer/os/nix/management/disk	Disk	Disk	0	df and du for disk space, directory sizes, and finding deleted files that still hold space.	article
published	technology/computer/os/nix/management/file	File	File	0	Check mode bits, take ownership, and set executable or read permissions.	article
published	technology/computer/os/nix/management/firewall	Firewall	Firewall	0	Block an IP by appending a DROP rule on INPUT with iptables.	article
published	technology/computer/os/nix/management/memory	Memory	Memory	0	Inspect memory with /proc/meminfo, free, top, vmstat, and dmidecode.	article
published	technology/computer/os/nix/management/network	Network	Network	0	Static IP in /etc/network/interfaces, DNS in resolv.conf, networking restart, and ifconfig.	article
published	technology/computer/os/nix/management/permissions	Permissions	Permissions	0	ls -l file types and the owner, group, and other permission bits including setuid, setgid, and sticky.	article
published	technology/computer/os/nix/management/time	Time	Date and time	0	View and set timezone, hardware clock, and restart cron after a timezone change.	article
published	technology/computer/os/nix/management/uninstall	Uninstall	Uninstall	0	Purge a package with apt-get, then autoremove and autoclean leftover files.	article
published	technology/computer/os/nix/management/users	Users	Users and groups	0	Add and delete users and groups, passwords, ACLs, and sudoers.d.	article
published	technology/computer/os/nix/management/version	Version	Version	0	Show OS and kernel version with release files, lsb_release, /proc/version, and uname.	article
published	technology/computer/os/nix/mint	Mint	Mint	0	Working notes on Mint.	article
published	technology/computer/os/nix/network	Network	Network	0	Working notes on Network: View network.	article
published	technology/computer/os/nix/network/view	View	View network	0	See which process is bound to a port with isof and netstat.	article
published	technology/computer/os/nix/nohup	nohup	nohup	0	Run a command with nohup, passing arguments as usual, backgrounding with &, and redirecting to a file.	article
published	technology/computer/os/nix/ports	Ports	Ports	0	List active and listening ports with netstat -lnptu, or all with nmap.	article
published	technology/computer/os/nix/process	Process	Process	0	List running processes with ps -ef and stop one with kill -9.	article
published	technology/computer/os/nix/ps	ps	ps	0	Rank processes by CPU usage with ps -eo pcpu,pid,user,args, sorted, in less.	article
published	technology/computer/os/nix/rescue	Rescue	Rescue	0	Working notes on Rescue: Rescue disks.	article
published	technology/computer/os/nix/rescue/rescue_disks	Rescue disks	Rescue disks	0	SystemRescueCd download, NTFS read-write support, and the Windows USB media creator.	article
published	technology/computer/os/nix/sar	sar	sar	0	Sample CPU usage with sar -u 2 5 to see users using max CPU.	article
published	technology/computer/os/nix/scp	scp	scp	0	Copy files with scp put/get, including debug, bandwidth limit, recursive, and quiet flags.	article
published	technology/computer/os/nix/sh	Sh	Sh	0	Working notes on Sh: Call a script, case, case example, Command-line arguments, Function, and If else, and related topics.	article
published	technology/computer/os/nix/sh/call	Call	Call a script	0	Run a shell script with sh and optional positional arguments.	article
published	technology/computer/os/nix/sh/case	case	case	0	Shell case syntax matching values and running the matching statement.	article
published	technology/computer/os/nix/sh/case_2	case example	case example	0	A case branch on TEST, including a default * pattern.	article
published	technology/computer/os/nix/sh/command_line_arguments	Arguments	Command-line arguments	0	Positional parameters in a shell script, indexed from 1.	article
published	technology/computer/os/nix/sh/function	Function	Function	0	Define a shell function, refer to $1 arguments, and call it. POSIX function keyword on dash.	article
published	technology/computer/os/nix/sh/if_else	If else	If else	0	Shell if, elif, and else syntax, with numerical and string comparison operators.	article
published	technology/computer/os/nix/sh/include	Include	Include	0	Source another shell file with . (alias for source).	article
published	technology/computer/os/nix/sh/inline	Inline	Inline	0	Inline a command's output in a string with $(...).	article
published	technology/computer/os/nix/sh/notes	Notes	Notes	0	Set shell variables, export environment variables, and write comments.	article
published	technology/computer/os/nix/sh/output_to_file_and_screen	Output to file and screen	Output to file and screen	0	Send stdout and stderr to both the screen and a file with tee -a.	article
published	technology/computer/os/nix/sh/shebang	Shebang	Shebang	0	Portable bash shebang using env, and why sh is not bash.	article
published	technology/computer/os/nix/sh/string	String	String	0	Single quotes block variable expansion unless they sit inside double quotes.	article
published	technology/computer/os/nix/ssh	SSH	SSH	0	Working notes on SSH: Keys, Reconnect, SSH, and SSH debug.	article
published	technology/computer/os/nix/ssh/keys	Keys	Keys	0	Generate RSA keys, drop a host from known_hosts, and load a .pem with ssh-add.	article
published	technology/computer/os/nix/ssh/reconnect	Reconnect	Reconnect	0	List and reattach GNU screen sessions with sudo screen -list and -d -r.	article
published	technology/computer/os/nix/ssh/ssh	SSH	SSH	0	Configure sshd, place authorized_keys, set permissions, restart the Ubuntu ssh service, and lock down root password login.	article
published	technology/computer/os/nix/ssh/ssh_debug	SSH debug	SSH debug	0	Test sshd config, run a parallel debug daemon on another port, and connect with ssh -vvv.	article
published	technology/computer/os/nix/su	su	su	0	Switch user with su, start a login shell with su -, and run a command as another user with -c.	article
published	technology/computer/os/nix/sudo	sudo	sudo	0	Run with superuser privileges while the user stays the same, and open a new root shell with sudo -s.	article
published	technology/computer/os/nix/tar	tar	tar	0	Create and extract tar archives; flag order matters, f is the file, z compresses.	article
published	technology/computer/os/nix/tree	tree	tree	0	Filter a directory tree listing with tree -P and a glob like *foo.	article
published	technology/computer/os/nix/ubuntu	Ubuntu	Ubuntu	0	Working notes on Ubuntu: apt-get, Bug Persistent - disk will be checked, Fixes, Issues, Management, and Profile, and related topics.	article
published	technology/computer/os/nix/ubuntu/apt_get	apt-get	apt-get	0	Install packages with apt-get install and refresh indexes with apt-get update.	article
published	technology/computer/os/nix/ubuntu/bug_persistent_disk_will_be_checked	Bug Persistent - disk will be checked	Bug Persistent - disk will be checked	0	Clear the Ubuntu fsck-at-reboot notifier that keeps showing a disk-will-be-checked message.	article
published	technology/computer/os/nix/ubuntu/fixes	Fixes	Fixes	0	Rebuild corrupted apt lists and change software sources when update still fails.	article
published	technology/computer/os/nix/ubuntu/issues	Issues	Issues	0	Remove the persistent disk check message by deleting fsck-at-reboot.	article
published	technology/computer/os/nix/ubuntu/management	Management	Management	0	Shut down with poweroff or shutdown now, and restart with reboot.	article
published	technology/computer/os/nix/ubuntu/notes	Notes	Notes	0	Install and start ubuntu-desktop, and control the firewall with ufw and iptables.	article
published	technology/computer/os/nix/ubuntu/profile	Profile	Profile	0	Prepend a directory to PATH in ~/.bashrc.	article
published	technology/computer/os/nix/ubuntu/service	Service	Service	0	SysV init scripts under /etc/init.d and update-rc.d defaults.	article
published	technology/computer/os/nix/ubuntu/update	Update	Update	0	apt-get update, upgrade, dist-upgrade, do-release-upgrade, and rebuilding apt lists.	article
published	technology/computer/os/nix/ubuntu/version	Version	Version	0	Print Ubuntu release information with lsb_release -a.	article
published	technology/computer/os/nix/utility	Utility	Utility	0	Working notes on Utility: Dummy file.	article
published	technology/computer/os/nix/utility/dummy_file	Dummy file	Dummy file	0	Create a dummy file of repeated lines with yes and head, or random bytes from /dev/urandom.	article
published	technology/computer/os/nix/version	Version	Version	0	Show the OS version from /etc/*-release and lsb_release -a.	article
published	technology/computer/os/nix/wc	wc	wc	0	Count lines with wc -l, and count files with ls -1 piped to wc -l.	article
published	technology/computer/os/nix/xargs	xargs	xargs	0	xargs -n, -l, and -I placeholder replacement, including quoting and ampersand escape.	article
published	technology/computer/os/nix/yum	Yum	Yum	0	Enable a disabled yum repo for one run and print yum variables from YumBase.	article
published	technology/computer/os/nix/yum/notes	Notes	Notes	0	Enable a disabled yum repo for one run and print yum variables from YumBase.	article
published	technology/computer/os/nix/zip	zip	zip	0	Create a zip from a target and source paths, including recursive -r.	article
published	technology/computer/os/windows	Windows	Windows	0	Windows notes: setup, shell, registry, networking, partitions, and fixes across XP through 10 and Server 2008.	article
published	technology/computer/os/windows/acl	ACL	ACL	0	Working notes on ACL: ACL, Mirror ACL registry, and takeown.	article
published	technology/computer/os/windows/acl/acl	ACL	ACL	0	icacls grants Full control; CACLS is deprecated; ICACLS does not set or read the owner.	article
published	technology/computer/os/windows/acl/mirror_acl_registry	Mirror ACL	Mirror ACL registry	0	Copy a registry ACL from hkcu:\\software\\foo onto hkcu:\\software\\bar with get-acl and set-acl.	article
published	technology/computer/os/windows/acl/takeown	takeown	takeown	0	takeown takes ownership of a path, recursively, optionally for Administrators.	article
published	technology/computer/os/windows/ad_hoc_wifi	Ad hoc Wi-Fi	Ad hoc Wi-Fi	0	Start a hosted WLAN with netsh wlan after checking that the driver supports Hosted network.	article
published	technology/computer/os/windows/autostart	Autostart	Autostart	0	Start Outlook at logon with a delayed Task Scheduler task and the /recycle argument.	article
published	technology/computer/os/windows/bash	Bash	Bash	0	lxrun default user and package update, lxss location, password reset, and C: mounts.	article
published	technology/computer/os/windows/bash/notes	Notes	Notes	0	lxrun default user and package update, lxss location, password reset, and C: mounts.	article
published	technology/computer/os/windows/command_shell	Command Shell	Command Shell	0	Working notes on Command Shell: cd, Command Prompt, echo, and find.	article
published	technology/computer/os/windows/command_shell/cd	cd	cd	0	Escape $ in a cd path with a backslash.	article
published	technology/computer/os/windows/command_shell/command_prompt	Command Prompt	Command Prompt	0	Completion keys, cmd /k, start /d, stream redirect, and comment forms in Command Prompt.	article
published	technology/computer/os/windows/command_shell/echo	echo	echo	0	Escape Command Prompt echo with ^; pipes must be escaped.	article
published	technology/computer/os/windows/command_shell/find	find	find	0	Search drive C: for a file name with dir /a /s.	article
published	technology/computer/os/windows/command_shell/notes	Notes	Notes	0	List sessions with query user, and start an executable without waiting.	article
published	technology/computer/os/windows/customization	Customization	Customization	0	Working notes on Customization: Customization.	article
published	technology/computer/os/windows/customization/base	Customization	Customization	0	Disable Aero Peek by setting EnableAeroPeek to 0.	article
published	technology/computer/os/windows/dir	dir	dir	0	List files recursively with dir /A:-DR /S.	article
published	technology/computer/os/windows/efs	EFS	EFS	0	EFS certificate location, read-only certs, .pfx export, import, and sharing the key across computers.	article
published	technology/computer/os/windows/enable_ahci	AHCI	Enable AHCI	0	Enable AHCI on Windows 10 with bcdedit safe mode, and the Windows XP iaStorV and storahci registry values (untested).	article
published	technology/computer/os/windows/environment_variable	Environment variable	Environment variable	0	Open the environment-variables box as a standard user with rundll32 sysdm.cpl,EditEnvironmentVariables.	article
published	technology/computer/os/windows/explorer	Explorer	Explorer	0	Explorer switches /n, /e, /root, and /select for window view, root, and initial focus.	article
published	technology/computer/os/windows/file_sharing	File Sharing	File Sharing	0	Directories accessible with the present credential become visible automatically, for example Users\\\\User1.	article
published	technology/computer/os/windows/firewall	Firewall	Firewall	0	Working notes on Firewall: Log blocked outgoing connections.	article
published	technology/computer/os/windows/firewall/log_blocked_outgoing_connections	Blocked connections	Log blocked outgoing connections	0	Audit failed object access on Windows 7 and 8 and read WFP block events 5152 and 5157.	article
published	technology/computer/os/windows/hidden_partition	Hidden Partition	Hidden Partition	0	Unhide a diskpart Type=Hidden partition (Id 27) by setting Id=07 Override, then assign a letter in Disk Management.	article
published	technology/computer/os/windows/hide_folder	Hide Folder	Hide Folder	0	Hide a folder by renaming it to the Recycle Bin CLSID, or with attrib +h +s.	article
published	technology/computer/os/windows/install	Install	Install	0	Working notes on Install: Installation source info.	article
published	technology/computer/os/windows/install/installation_source_info	ISO version	Installation source info	0	Read ISO image edition info with dism /Get-WimInfo on install.wim or install.esd.	article
published	technology/computer/os/windows/joakim_runassystem_runfrmtoken	RunAsSystem	RunAsSystem and RunFromToken	0	Joakim's RunFromToken runs arg2 with arg1's token; RunAsSystem runs the argument as System, including a cascaded TrustedInstaller cmd.	article
published	technology/computer/os/windows/key	Key	Key	0	Working notes on Key.	article
published	technology/computer/os/windows/lang	Lang	Language Codes	0	Microsoft list of Windows language codes.	article
published	technology/computer/os/windows/license	License	License	0	Working notes on License: Deactivate and Original key.	article
published	technology/computer/os/windows/license/deactivate	Deactivate	Deactivate	0	Uninstall a Windows product key with slmgr /dlv and slmgr /upk.	article
published	technology/computer/os/windows/license/original_key	Original key	Original key	0	Read OA3xOriginalProductKey from SoftwareLicensingService with wmic.	article
published	technology/computer/os/windows/migrate_to_ssd	Migrate to SSD	Migrate to SSD	0	After an SSD move, assign a letter to the ~260 MB FAT EFI volume, bootrec /fixboot, then rebuild BCD with bcdboot.	article
published	technology/computer/os/windows/monitor_power_management	Monitor Power	Monitor Power Management	0	WM_SYSCOMMAND SC_MONITORPOWER values to put the display in low power, off, or on.	article
published	technology/computer/os/windows/msi	MSI	MSI	0	Uninstall an MSI package by GUID with MSIExec /x. The GUID has dashes.	article
published	technology/computer/os/windows/n10	10	10	0	Working notes on 10: Guest account, Interactive service, Personalize, Start menu, and Windows Apps.	article
published	technology/computer/os/windows/n10/guest_account	Guest account	Guest account	0	Add a Visitor account, remove it from Users, and put it in Guests.	article
published	technology/computer/os/windows/n10/interactive_service	Interactive service	Interactive service	0	NoInteractiveServices can show a service on the parallel session screen, but it cannot take input.	article
published	technology/computer/os/windows/n10/personalize	Personalize	Personalize	0	Flat login-screen colour with DisableLogonBackgroundImage, Theme colour, or desk.cpl Advanced.	article
published	technology/computer/os/windows/n10/start_menu	Start menu	Start menu	0	Pin shortcuts from %Programs%, fix custom .url shortcuts, and how Start menu hash uses Target only.	article
published	technology/computer/os/windows/n10/windows_apps	Windows Apps	Windows Apps	0	Copy WindowsApps with robocopy /E /COPYALL /DCOPY:DAT.	article
published	technology/computer/os/windows/n7	7	7	0	Working notes on 7: Administrator account, Change OEM info, Group policy unidentified network, Troubleshoot, and User profile directory.	article
published	technology/computer/os/windows/n7/administrator_account	Administrator	Administrator account	0	Toggle the built-in Administrator account with Net User /Active.	article
published	technology/computer/os/windows/n7/change_oem_info	OEM info	Change OEM info	0	Set OEM logo, manufacturer, model, and support fields under OEMInformation.	article
published	technology/computer/os/windows/n7/group_policy_unidentified_network	Unidentified network	Group policy unidentified network	0	Treat unidentified networks as private and let the user change network location via Group Policy.	article
published	technology/computer/os/windows/n7/troubleshoot	Troubleshoot	Troubleshoot	0	Working notes on Troubleshoot: Print queue.	article
published	technology/computer/os/windows/n7/troubleshoot/print_queue	Print queue	Print queue	0	Clear a stuck print queue by stopping the spooler, deleting spool files, and starting it again.	article
published	technology/computer/os/windows/n7/user_profile_directory	Profile directory	User profile directory	0	Find each account's profile path under ProfileList by SID.	article
published	technology/computer/os/windows/n8	8	8	0	Working notes on 8: Lock screen, Lockscreen, Pin files to Start, Shortcuts, Start screen background colour, and User account picture, and related topics.	article
published	technology/computer/os/windows/n8/lock_screen	Lock screen	Lock screen	0	Hide the lock screen with the Do Not Display the Lock Screen policy.	article
published	technology/computer/os/windows/n8/lockscreen	Lockscreen	Lockscreen	0	Lock screen image paths under Web\\Screen, SystemData, and WinSxS.	article
published	technology/computer/os/windows/n8/notes	Notes	Notes	0	Shortcuts to the same program with the same AppId show only once per folder, in alphabetical order.	article
published	technology/computer/os/windows/n8/pin_files_to_start	Pin to Start	Pin files to Start	0	Pin files to Start by dropping shortcuts into the Start Menu Programs folder.	article
published	technology/computer/os/windows/n8/shortcuts	Shortcuts	Shortcuts	0	Windows 8 Start, Charms, app switcher, close, and screenshot keyboard shortcuts.	article
published	technology/computer/os/windows/n8/start_screen_background_colour	Start colour	Start screen background colour	0	Set Start screen colour with MSOoBE.exe, then kill it and restart Explorer.	article
published	technology/computer/os/windows/n8/user_account_picture	Account picture	User account picture	0	Default user account picture files, sizes, and formats under ProgramData.	article
published	technology/computer/os/windows/n8/window_border_width	Border width	Window border width	0	Set BorderWidth and PaddedBorderWidth under WindowMetrics to 0.	article
published	technology/computer/os/windows/navigation_pane	Navigation Pane	Navigation Pane	0	Open Explorer rooted at a path, hide Favorites, Libraries, and Network in the navigation pane on x86 and x64, or show all folders.	article
published	technology/computer/os/windows/net	NET	NET	0	Create a local user with NET USER /ADD and add the user to a group with NET LOCALGROUP /add.	article
published	technology/computer/os/windows/network	Network	Network	0	Working notes on Network: Delete ghost adapter names, Network profiles, and Route IP.	article
published	technology/computer/os/windows/network/delete_ghost_adapter_names	Ghost adapters	Delete ghost adapter names	0	Remove ghosted network adapter entries by deleting matching GUIDs from Control\\Network and Tcpip together.	article
published	technology/computer/os/windows/network/network_profiles	Network profiles	Network profiles	0	Rename or delete network profiles in the registry, and stop USB tethering from creating a new profile each connect.	article
published	technology/computer/os/windows/network/route_ip	Route IP	Route IP	0	Bind an extra IP to the loopback adapter with netsh int ip add addr, and remove it.	article
published	technology/computer/os/windows/partitions	Partitions	Partitions	0	Working notes on Partitions: Mount boot partition.	article
published	technology/computer/os/windows/partitions/mount_boot_partition	Mount boot	Mount boot partition	0	Map and unmap the system boot partition with mountvol /s and /d, then browse it from an elevated Explorer.	article
published	technology/computer/os/windows/power_management	Power Management	Power Management	0	Working notes on Power Management: Hibernation and Profile.	article
published	technology/computer/os/windows/power_management/hibernation	Hibernation	Hibernation	0	Turn hibernation off and on with powercfg -h.	article
published	technology/computer/os/windows/power_management/notes	Notes	Notes	0	Open powercfg.cpl, list power schemes, and set the active profile by GUID.	article
published	technology/computer/os/windows/power_management/profile	Profile	Profile	0	Working notes on Profile.	article
published	technology/computer/os/windows/prepare_usb_media_os_installation	USB Install Media	Prepare USB Media for OS Installation	0	NTFS-format the USB, run bootsect.exe /nt60 /force /mbr from another drive, copy the install files, or use a recovery disc and replace files.	article
published	technology/computer/os/windows/prevent_password_change	Password Change	Prevent Password Change	0	Allow or deny a user changing their own password with net user /passwordchg:yes|no.	article
published	technology/computer/os/windows/readyboost	ReadyBoost	ReadyBoost	0	Working notes on ReadyBoost: Log.	article
published	technology/computer/os/windows/readyboost/log	Log	Log	0	ReadyBoost Random Read and Write logs in Event Viewer.	article
published	technology/computer/os/windows/recovery	Recovery	Recovery	0	Windows Recovery Environment layout, ReAgentC info/enable/disable, and reagentc /setosimage for Winre.wim and install.wim.	article
published	technology/computer/os/windows/redistributables	Redistributables	Redistributables	0	Working notes on Redistributables: VC.	article
published	technology/computer/os/windows/redistributables/vc	VC	VC	0	Visual C++ redistributable downloads for 2013 and 2012 VC 11.	article
published	technology/computer/os/windows/registry	Registry	Registry	0	Working notes on Registry: Last location and User SIDs.	article
published	technology/computer/os/windows/registry/last_location	Last location	Last location	0	Lastkey stores the last Registry Editor path, with My Computer\\ on XP and Computer\\ later.	article
published	technology/computer/os/windows/registry/user_sids	User SIDs	User SIDs	0	Map accounts to SIDs in ProfileList and hivelist, and list them with wmic useraccount.	article
published	technology/computer/os/windows/remote_assistance	Remote Assistance	Remote Assistance	0	Working notes on Remote Assistance: Port.	article
published	technology/computer/os/windows/remote_assistance/port	Port	Port	0	Remote Assistance port 61950, changed via RDP-Tcp PortNumber.	article
published	technology/computer/os/windows/remote_desktop	Remote Desktop	Remote Desktop	0	Working notes on Remote Desktop: Remote Desktop and Settings.	article
published	technology/computer/os/windows/remote_desktop/notes	Notes	Notes	0	Return a Remote Desktop session to the unlocked console with tscon /dest:console.	article
published	technology/computer/os/windows/remote_desktop/remote_desktop	Remote Desktop	Remote Desktop	0	Remote Desktop port 3389, connect as IP:Port, and in-session keyboard shortcuts.	article
published	technology/computer/os/windows/remote_desktop/settings	Settings	Settings	0	Center a Remote Desktop window with WinPosStr from screen size, window size, and Windows 8 border totals.	article
published	technology/computer/os/windows/remote_powershell	Remote PowerShell	Remote PowerShell	0	Working notes on Remote PowerShell: Initialize.	article
published	technology/computer/os/windows/remote_powershell/initialize	Initialize	Initialize	0	Enable PowerShell remoting, enter a PSSession, and start the RemoteRegistry service.	article
published	technology/computer/os/windows/remote_registry	Remote Registry	Remote Registry	0	Working notes on Remote Registry: Requirements.	article
published	technology/computer/os/windows/remote_registry/requirements	Requirements	Requirements	0	Remote Registry needs SecurePipeServers permissions, the service running on both machines, and SMB/RPC ports.	article
published	technology/computer/os/windows/reset_password	Reset Password	Reset Password	0	From recovery, replace osk.exe with cmd.exe so Win+U on the logon screen opens a prompt for net user admin *.	article
published	technology/computer/os/windows/robocopy	Robocopy	Robocopy	0	Robocopy /b /mir /xj /copyall flags for an OS backup, with /xd for Recycler and System volume information.	article
published	technology/computer/os/windows/run	Run	Run	0	Open the System page with control /name Microsoft.System, add a Run command via AppPath, and launch Remote Desktop with MSTSC.	article
published	technology/computer/os/windows/sc	SC	SC	0	Create an interactive own-process service with SC CREATE (cmd.exe or regedit.exe) and start it with SC start.	article
published	technology/computer/os/windows/search	Search	Search	0	Set a file extension PersistentHandler for content search, then query with content:<key>, optionally combined with a file match filter.	article
published	technology/computer/os/windows/server_2008	Server 2008	Server 2008	0	Working notes on Server 2008.	article
published	technology/computer/os/windows/server_2008/notes	Notes	Notes	0	Working notes on Notes.	article
published	technology/computer/os/windows/shortcut	Shortcut	Shortcut	0	Working notes on Shortcut.	article
published	technology/computer/os/windows/ssd_settings	SSD Settings	SSD Settings	0	TEMP and TMP at CU and LU, and MkLink /D Download under SoftwareDistribution to F:\\Win-8-Pro-x64_Updates.	article
published	technology/computer/os/windows/start	Start	Start	0	start /affinity uses per-processor bit flags, and start passes an empty title then the path and parameters.	article
published	technology/computer/os/windows/start_menu	Start Menu	Start Menu	0	Ctrl+Shift+right-click for the hidden Exit Explorer option.	article
published	technology/computer/os/windows/symlink	Symlink	Symlink	0	MkLink soft links are relative to the target; junctions are followed over the network; hard links share edits and are relative to CD.	article
published	technology/computer/os/windows/symlink_2	Symlink 2	Symlink Relative Paths	0	Relative symlink relativity is the link's current location; nested links only work inside the parent; /J is followed on the network, /D is not.	article
published	technology/computer/os/windows/system_account_cmd	System CMD	System Account CMD	0	Open a System command prompt with at /interactive on XP/2003, or psexec -i -s on 7/8.	article
published	technology/computer/os/windows/taskbar	Taskbar	Taskbar	0	User-pinned taskbar shortcuts live under %APPDATA%\\Microsoft\\Internet Explorer\\Quick Launch\\User Pinned\\TaskBar.	article
published	technology/computer/os/windows/telnet	Telnet	Telnet	0	Telnet -o opens a host at ip or domain name and port.	article
published	technology/computer/os/windows/time_auto_update	Time	Time Auto Update	0	NTP is UDP 123. Point Windows at time.nist.gov with net time /setsntp, then w32tm /config /update and /resync /rediscover.	article
published	technology/computer/os/windows/touch	Touch	Touch	0	Set LastWriteTime to now on every item in the current directory, or in the Chrome Apps Start Menu folder.	article
published	technology/computer/os/windows/unhide_folder	Unhide Folder	Unhide Folder	0	Clear hidden and system attributes with attrib -h -s, including /s for subdirectories and /d for directories.	article
published	technology/computer/os/windows/uninstall_tool	Uninstall Tool	Uninstall Tool	0	Microsoft KB 290301 for the Windows uninstall tool.	article
published	technology/computer/os/windows/update	Update	Update	0	Working notes on Update: Catalog.	article
published	technology/computer/os/windows/update/catalog	Catalog	Catalog	0	Download updates from the Microsoft Update Catalog in Internet Explorer.	article
published	technology/computer/os/windows/wsl	WSL	WSL	0	Working notes on WSL: Install.	article
published	technology/computer/os/windows/wsl/install	Install	Install	0	Install Windows Subsystem for Linux from the shell with wsl –install.	article
published	technology/computer/os/windows/xbox	XBox	XBox	0	Working notes on XBox: Save location.	article
published	technology/computer/os/windows/xbox/save_location	Save location	Save location	0	Xbox captures default to {Video}\\Capture; change the path by moving the {Video} location.	article
published	technology/computer/os/windows/xp	XP	XP	0	Working notes on XP: Bootable USB and Service pack identifier registry.	article
published	technology/computer/os/windows/xp/bootable_usb	Bootable USB	Bootable USB	0	Make a bootable USB from an ISO with Rufus.	article
published	technology/computer/os/windows/xp/service_pack_identifier_registry	CSDVersion	Service pack identifier registry	0	Read the service pack string from CSDVersion under CurrentVersion.	article
published	technology/computer/os/mac	Mac	Mac	0	macOS notes: shell, PATH, disks, Finder hidden files, SSH keys, and Yosemite USB install media.	article
published	technology/computer/os/mac/disk_usage	Disk usage	Disk usage	0	Directory-wise disk usage in human-readable form with du -sh *.	article
published	technology/computer/os/mac/export	Export PATH	Export	0	Append a directory to PATH for the current shell with export.	article
published	technology/computer/os/mac/find	Find	Find	0	Search a path for names matching a pattern with find -name.	article
published	technology/computer/os/mac/hidden_files	Hidden files	Hidden files	0	Show or hide Finder hidden files from Terminal with defaults write and killall Finder.	article
published	technology/computer/os/mac/netcat	Netcat	Netcat	0	Listen on a local port with nc -l localhost.	article
published	technology/computer/os/mac/open	Open	Open	0	Launch an application with /usr/bin/open -a and pass arguments with --args.	article
published	technology/computer/os/mac/osascript	osascript	osascript	0	Set Terminal window 1 background color from a four-value tuple.	article
published	technology/computer/os/mac/paste_newline_unicode	Unicode newline	Paste newline unicode	0	Replace Unicode newline bytes in permission.txt with real newlines using sed.	article
published	technology/computer/os/mac/path	PATH	PATH	0	Prepend a directory to PATH in ~/.bash_profile.	article
published	technology/computer/os/mac/setup_usb_installation_media	USB installer	Setup USB installation media	0	Format a USB volume in Disk Utility and write an OS X Yosemite installer with createinstallmedia.	article
published	technology/computer/os/mac/ssh	SSH	SSH	0	Recreate id_rsa.pub from id_rsa, add a key with ssh-add -K, and enable debug with -vvv.	article
published	technology/computer/os/ios	iOS	iOS	0	iOS notes: show or hide Finder hidden files with defaults write and killall Finder, including the OS X 10.8 form.	article
published	technology/computer/os/ios/notes	Hidden files	Notes	0	Show or hide Finder hidden files with defaults write and killall Finder, including the OS X 10.8 form.	article
published	technology/computer/os/android	Android	Android	0	Android notes from daily use: adb, flashing, the emulator, APK install, hibernate/force-stop, and rooting.	article
published	technology/computer/os/android/adb	ADB	ADB	0	Working notes on ADB: ADB path, ADB over WiFi, Freeze background, logcat, ADB notes, and Run to debug, and related topics.	article
published	technology/computer/os/android/adb/adb_path	ADB path	ADB path	0	Default adb locations in Android SDK platform-tools on Windows and Mac.	article
published	technology/computer/os/android/adb/adb_wifi	ADB WiFi	ADB over WiFi	0	Put adbd on TCP port 5555, connect over WiFi, and switch back to USB.	article
published	technology/computer/os/android/adb/freeze_background	Freeze background	Freeze background	0	Set RUN_IN_BACKGROUND appops to ignore or allow for a package.	article
published	technology/computer/os/android/adb/logcat	logcat	logcat	0	Filter adb logcat, tag logs with Log.d, and show one tag exclusively with -s.	article
published	technology/computer/os/android/adb/notes	ADB notes	ADB notes	0	Push a file to device paths and set a property with adb shell setprop.	article
published	technology/computer/os/android/adb/run_to_debug	Run to debug	Run to debug	0	Start an activity in debug wait with am start -D.	article
published	technology/computer/os/android/adb/wifi_debugging	WiFi debugging	WiFi debugging	0	Enable Wireless debugging, pair with a code, then adb connect.	article
published	technology/computer/os/android/android	Android	Android	0	Android as a licensed Linux OS, Dalvik/APK/dex, partitions, and bootloader unlock on Nexus.	article
published	technology/computer/os/android/archive	Archive	Archive	0	Working notes on Archive: Ad-hoc WiFi and BlueStacks.	article
published	technology/computer/os/android/archive/adhoc_wifi	Ad-hoc WiFi	Ad-hoc WiFi	0	Replace WPA_Supplicant on /system to allow ad-hoc WiFi.	article
published	technology/computer/os/android/archive/bluestacks	BlueStacks	BlueStacks	0	BlueStacks mounts the user's Documents folder with write access.	article
published	technology/computer/os/android/emulator	Emulator	Emulator	0	List AVDs and start one with emulator -avd.	article
published	technology/computer/os/android/flashing	Flashing	Flashing	0	Unlock the bootloader, fastboot flash partitions, or install a zip from ClockWorks recovery.	article
published	technology/computer/os/android/hibernate_freeze	Hibernate freeze	Hibernate and freeze	0	Force-stop or start a package with am, disable or enable it with pm.	article
published	technology/computer/os/android/install_apk	Install APK	Install APK	0	Start adb, list devices, remount, and install an APK.	article
published	technology/computer/os/android/notes	Android notes	Android notes	0	Keep the launcher from hibernating, install an APK with pm, and skip media scan with .nomedia.	article
published	technology/computer/os/android/rooting	Rooting	Rooting	0	Unlock the bootloader from FastBoot, then install SuperUser from recovery.	article
published	technology/computer/os/android/hibernate_and_freeze	Hibernate & Freeze	Hibernate & Freeze	0	Working notes on Hibernate & Freeze: am force-stop package.name, am start package.name, pm disable package.name, and pm enable package.name.	article
published	technology/computer/os/cygwin	Cygwin	Cygwin	0	Cygwin notes: running a *nix environment on Windows, including pointing Cygwin home at the Windows user profile.	article
published	technology/computer/os/cygwin/set_windows_home_as_home	Cygwin home	Set Windows home as home	0	Point Cygwin home at the Windows user profile by setting db_home in /etc/nsswitch.conf.	article
published	technology/computer/programming	Programming	Programming	0	Programming notes: languages, libraries, and the commands used with them.	article
published	technology/computer/programming/ajax	AJAX	AJAX	0	Ways to return content through XMLHTTPRequest: plain text, JavaScript variables, JSON objects, and XML.	article
published	technology/computer/programming/android	Android	Android	0	Working notes on Android: AAR include, Activity, Backup - Ignore, Beta, Build, and Build flavours, and related topics.	article
published	technology/computer/programming/android/aar_include	AAR include	AAR include	0	Working notes on AAR include: dependencies, repositories, and flatDir.	article
published	technology/computer/programming/android/activity	Activity	Activity	0	Working notes on Activity: Bundle.	article
published	technology/computer/programming/android/backup_ignore	Backup - Ignore	Backup - Ignore	0	**# Copyright.** Benjamin Weiss (keyboardsurfer) https://github.com/keyboardsurfer.	article
published	technology/computer/programming/android/beta	Beta	Beta	0	The package name should be same.	article
published	technology/computer/programming/android/build	Build	Build	0	Working notes on Build: build.gradle, Build variants, Manifest Vars, and Proguard.	article
published	technology/computer/programming/android/build/build_gradle	build.gradle	build.gradle	0	Working notes on build.gradle: Android, packagingOptions, defaultConfig, signingConfigs, buildTypes, and release.	article
published	technology/computer/programming/android/build/build_variants	Build variants	Build variants	0	Build variants: Common should not have repeat class ?may have resource?.	article
published	technology/computer/programming/android/build/manifest_vars	Manifest Vars	Manifest Vars	0	Manifest Vars: ApplicationInfo ai = getPackageManager().getApplicationInfo(, and <var> = bundle.getString(\\\"<key>\\\");.	article
published	technology/computer/programming/android/build/proguard	Proguard	Proguard	0	* Android Studio disables ProGuard when using Instant Run.	article
published	technology/computer/programming/android/build_flavours	Build flavours	Build flavours	0	Once an additional product flavour is defined, there’s no default.	article
published	technology/computer/programming/android/build_flavours/notes	Notes	Notes	0	Once an additional product flavour is defined, there’s no default.	article
published	technology/computer/programming/android/certificate_details	Certificate details	Certificate details	0	Working notes on Certificate details: Windows.	article
published	technology/computer/programming/android/delay	Delay	Delay	0	Working notes on Delay: final Handler handler = new Handler();, handler.postDelayed(new Runnable(), public void run(), try, and } catch( NameNotFoundException e ).	article
published	technology/computer/programming/android/development	Development	Development	0	Working notes on Development: Beta distribution.	article
published	technology/computer/programming/android/development/beta_distribution	Beta distribution	Beta distribution	0	Working notes on Beta distribution: 1. Google play, 1. Pros, 2. Fabric beta, 1. Pros, and 2. Cons.	article
published	technology/computer/programming/android/dynamic_permissions	Dynamic permissions	Dynamic permissions	0	Working notes on Dynamic permissions.	article
published	technology/computer/programming/android/gcm	GCM	GCM	0	1. Google console :: Project Id.	article
published	technology/computer/programming/android/google_console	Google console	Google console	0	Same application id cannot be placed in two separate projects.	article
published	technology/computer/programming/android/google_play_services	Google play services	Google play services	0	Working notes on Google play services.	article
published	technology/computer/programming/android/gui	GUI	GUI	0	Working notes on GUI: Button, Title bar, and GUI.	article
published	technology/computer/programming/android/gui/button	Button	Button	0	Working notes on Button: XML.	article
published	technology/computer/programming/android/gui/notes	Notes	Notes	0	The system wide bar with clock and network icons.	article
published	technology/computer/programming/android/gui/title_bar	Title bar	Title bar	0	<style name=\"Fullscreen\" parent=\"Theme.AppCompat\">.	article
published	technology/computer/programming/android/gui/untitled_document	GUI	GUI	0	Which is used to tint widgets -->.	article
published	technology/computer/programming/android/issues	Issues	Issues	0	Working notes on Issues: Activity: onCreate.	article
published	technology/computer/programming/android/java_library_test	Java library test	Java library test	0	Working notes on Java library test: Local test, Issue junit not found, allprojects, and repositories.	article
published	technology/computer/programming/android/menu	Menu	Menu	0	Working notes on Menu: @Override, public boolean onOptionsItemSelected(MenuItem item), switch (item.getItemId()), case R.id.main_menu_actionAbout, and default.	article
published	technology/computer/programming/android/preferences	Preferences	Preferences	0	Preferences: Common, Write, Read, Common SharedPreferences sharedPref = <Activity>.g, and Write SharedPreferences.Editor <editor> = <sharedP.	article
published	technology/computer/programming/android/project_setup	Project Setup	Project Setup	0	The minimum on which the app should run.	article
published	technology/computer/programming/android/properties	Properties	Properties	0	Properties: setProperty, remove, remove set to <“”>, and getProperty <>.	article
published	technology/computer/programming/android/setup	Setup	Setup	0	Android SDK Tools - without bundled ADT.	article
published	technology/computer/programming/android/speech_recognition	Speech recognition	Speech recognition	0	Working notes on Speech recognition.	article
published	technology/computer/programming/android/support_library	Support Library	Support Library	0	1. Place the support library jar in the lib directory of project.	article
published	technology/computer/programming/android/textwatcher	TextWatcher	TextWatcher	0	Working notes on TextWatcher: CharSequence s,, * ‘after’ is length of delta text, onTextChanged, Within ‘s’, beginning from ‘start’, ‘count’ characters have changed that had length ‘before’, and afterTextChanged.	article
published	technology/computer/programming/android/vector_drawables	Vector drawables	Vector drawables	0	Can be resized by ScaleType.	article
published	technology/computer/programming/android/version	Version	Version	0	Working notes on Version: Name and Change.	article
published	technology/computer/programming/android/view	View	View	0	Working notes on View: Get Parent view - activity.	article
published	technology/computer/programming/angular	Angular	Angular	0	Working notes on Angular.	article
published	technology/computer/programming/angular/notes	Notes	Notes	0	Working notes on Notes: Annotations, ng-, Variables, $scope, Iterate, and /.	article
published	technology/computer/programming/awk	AWK	AWK	0	Working notes on AWK: CommandLine parameters, External, Load file - trick, Shell vars from awk, skip Header, and Variables.	article
published	technology/computer/programming/awk/commandline_parameters	CommandLine parameters	CommandLine parameters	0	-f.	article
published	technology/computer/programming/awk/external	External	External	0	External: -f ”_.awk\" I_file-1 I_file-2 >$o_file.	article
published	technology/computer/programming/awk/links	Links	Links	0	Working notes on Links.	article
published	technology/computer/programming/awk/load_file_trick	Load file - trick	Load file - trick	0	Working notes on Load file - trick: Script and Parameters.	article
published	technology/computer/programming/awk/notes	Notes	Notes	0	Notes: External variable, and External variable -v my_var=\"hello this is me\".	article
published	technology/computer/programming/awk/shell_vars_from_awk	Shell vars from awk	Shell vars from awk	0	Setup shell variables using awk.	article
published	technology/computer/programming/awk/skip_header	skip Header	skip Header	0	NR <= 5 { next }.	article
published	technology/computer/programming/awk/variables	Variables	Variables	0	Working notes on Variables: FS, NR, NF, FNR, OFS, and RS.	article
published	technology/computer/programming/batch	Batch	Batch	0	Working notes on Batch: Admin-Test, Cmd, if - else, Script Syntax, and Sleep.	article
published	technology/computer/programming/batch/admin_test	Admin-Test	Admin-Test	0	Working notes on Admin-Test: Admin Test, IF %ERRORLEVEL% NEQ 0, and Exit.	article
published	technology/computer/programming/batch/cmd	Cmd	Cmd	0	Working notes on Cmd: Dir, WildCard, *, ?, and See summary of dir and not content.	article
published	technology/computer/programming/batch/if_else	if - else	if - else	0	Working notes on if - else: Parentheses should be on the same line and ) else (.	article
published	technology/computer/programming/batch/notes	Notes	Notes	0	Working notes on Notes: redirect stderr to stdout, | find /i \"search_string\", Concatenate Variables, Set X=Y, Set Y=Z, and Echo %%X%%.	article
published	technology/computer/programming/batch/script_syntax	Script Syntax	Script Syntax	0	Block Braces must remain on Same line not new.	article
published	technology/computer/programming/batch/sleep	Sleep	Sleep	0	ping 127.0.0.1 -n 2 -w 1000 > NUL.	article
published	technology/computer/programming/coding_conventions	Coding conventions	Coding conventions	0	Naming and control-statement conventions: Capital functions, camelCase variables, i/len/b prefixes, and a newline before else, catch, and finally.	article
published	technology/computer/programming/coding_style	Coding style	Coding style	0	Style rules for indentation, blank lines, braces, casting, assignment spacing, and relying on built-in word wrap for width.	article
published	technology/computer/programming/command_line_interface_description_language	CLI description language	Command line — interface description language	0	CLI notation: angle brackets for required params, square brackets for optional, pipe for or, ampersand-pipe for and-or, and escape only when needed.	article
published	technology/computer/programming/cpp	C++	C++	0	Working notes on C++: Programming in C++ and Remember.	article
published	technology/computer/programming/cpp/programming_in_cpp	Programming in C++	Programming in C++	0	Working notes on Programming in C++: LETTERS, DIGITS, ~, WHITE SPACES, OTHER CHARACTERS, and if.	article
published	technology/computer/programming/cpp/remember	Remember	Remember	0	Elder Friend who is accessible by Younger friend.	article
published	technology/computer/programming/css	CSS	CSS	0	Working notes on CSS: Animation, Responsive, and Selectors.	article
published	technology/computer/programming/css/animation	Animation	Animation	0	<selector> {.	article
published	technology/computer/programming/css/notes	Notes	Notes	0	**margin-left.** 25%; margin-right: 25%; width: 50%.	article
published	technology/computer/programming/css/responsive	Responsive	Responsive	0	Working notes on Responsive: (min-device-width: 320px) and (max-device-width: 480px), Prevent reflow, and Set container div for img.	article
published	technology/computer/programming/css/selectors	Selectors	Selectors	0	Working notes on Selectors: Child Selector, .class1 .class2, :nth-child(n), and multiple classes.	article
published	technology/computer/programming/firebase	Firebase	Firebase	0	Working notes on Firebase: Config.	article
published	technology/computer/programming/firebase/config	Config	Config	0	functions.config().<key>.<value>.	article
published	technology/computer/programming/ftp	FTP	FTP	0	Working notes on FTP: Commands.	article
published	technology/computer/programming/ftp/commands	Commands	Commands	0	To prevent ‘Kerberos’ error message.	article
published	technology/computer/programming/fusionchart	FusionChart	FusionChart	0	Working notes on FusionChart: JavaScipt mode - Chart and Parameters.	article
published	technology/computer/programming/fusionchart/javascipt_mode_chart	JavaScipt mode - Chart	JavaScipt mode - Chart	0	Working notes on JavaScipt mode - Chart.	article
published	technology/computer/programming/fusionchart/parameters	Parameters	Parameters	0	Working notes on Parameters: Chart, Minimum value, Maximum value, Prefix value, Rounded, and No gradient.	article
published	technology/computer/programming/google_api	Google API	Google API	0	Working notes on Google API: GCM and Places.	article
published	technology/computer/programming/google_api/gcm	GCM	GCM	0	Working notes on GCM: GPServices flow.	article
published	technology/computer/programming/google_api/gcm/gpservices_flow	GPServices flow	GPServices flow	0	Working notes on GPServices flow: 1. Register token using API Key and 2. Send message.	article
published	technology/computer/programming/google_api/places	Places	Places	0	Working notes on Places.	article
published	technology/computer/programming/google_api/places/notes	Notes	Notes	0	Working notes on Notes: Place Type, Base, Billing, and Post.	article
published	technology/computer/programming/google_cloud_platform_functions	Google Cloud Platform Functions	Google Cloud Platform Functions	0	Working notes on Google Cloud Platform Functions.	article
published	technology/computer/programming/google_cloud_platform_functions/notes	Notes	Notes	0	Working notes on Notes: Module and console.log().	article
published	technology/computer/programming/grails	Grails	Grails	0	Working notes on Grails: Asset - manifest, Async, Command, Command, Config, and Issue, and related topics.	article
published	technology/computer/programming/grails/asset_manifest	Asset - manifest	Asset - manifest	0	Working notes on Asset - manifest: Combine assets into a single file, Refer, and Ref.	article
published	technology/computer/programming/grails/async	Async	Async	0	Working notes on Async: def index = and def asyncProcess = new Thread(.	article
published	technology/computer/programming/grails/command	Command	Command	0	Working notes on Command: prod, dev, and test.	article
published	technology/computer/programming/grails/command_2	Command	Command	0	Working notes on Command: grails and clean.	article
published	technology/computer/programming/grails/config	Config	Config	0	Working notes on Config.	article
published	technology/computer/programming/grails/issue	Issue	Issue	0	**Uncaught Error.** [$injector:modulerr] Failed to instantiate module app.	article
published	technology/computer/programming/grails/issues	Issues	Issues	0	1. Empty .grails_history file @ %Home%.	article
published	technology/computer/programming/grails/notes	Notes	Notes	0	Working notes on Notes: MVC, Model, View, Inline: Specific gsp, when action does not ‘render’, and Layout template.	article
published	technology/computer/programming/grails/setup	Setup	Setup	0	Working notes on Setup: Setup SDK and Works from.	article
published	technology/computer/programming/groovy	Groovy	Groovy	0	Working notes on Groovy.	article
published	technology/computer/programming/groovy/notes	Notes	Notes	0	Working notes on Notes: List, Initialize, Append, Size, Index, and get.	article
published	technology/computer/programming/guidelines	Guidelines	Guidelines	0	Account and machine hygiene: password-protect the login, no shared admin access, encrypt transfers, and use ZoneAlarm or Firewall Notifier plus Google Drive Sync when the box is not yours.	article
published	technology/computer/programming/html	HTML	HTML	0	Working notes on HTML: Anchor, Apple - Web Applications, Center, Compatibility, Download, and favicon, and related topics.	article
published	technology/computer/programming/html/anchor	Anchor	Anchor	0	This is why IE AJAX must use /#/ID.	article
published	technology/computer/programming/html/apple_web_applications	Apple - Web Applications	Apple - Web Applications	0	<link rel=\"apple-touch-icon\" href=\"touch-icon-iphone.png\" />.	article
published	technology/computer/programming/html/center	Center	Center	0	The container div should have.	article
published	technology/computer/programming/html/compatibility	Compatibility	Compatibility	0	Compatibility: <!--[if IE 9]>, <style>, * {word-spacing: -2px;}, <style> </style>, and <!--[if <![endif]-->.	article
published	technology/computer/programming/html/download	Download	Download	0	Var bb = new BlobBuilder();.	article
published	technology/computer/programming/html/favicon	favicon	favicon	0	Working notes on favicon: Proportion, Dimension, Max, HTML spec, In practice, and Recommended.	article
published	technology/computer/programming/html/form	Form	Form	0	Working notes on Form: Input, Type, Name, Value, and Label.	article
published	technology/computer/programming/html/html	HTML	HTML	0	Since it is not based on SGML - requires no dtd.	article
published	technology/computer/programming/html/image	Image	Image	0	Working notes on Image: IE image tag with a - gets a black border around and Center img in div.	article
published	technology/computer/programming/html/redirect	Redirect	Redirect	0	<meta http-equiv=\"refresh\" content=\"1; url=http://_\">.	article
published	technology/computer/programming/html/responsive	Responsive	Responsive	0	Working notes on Responsive: CSS.	article
published	technology/computer/programming/html/side_scrollbar_toggle_re_render	Side scrollbar toggle : re-render	Side scrollbar toggle : re-render	0	Working notes on Side scrollbar toggle : re-render.	article
published	technology/computer/programming/html/slider_menu	Slider menu	Slider menu	0	1. First view side bar.	article
published	technology/computer/programming/html/snippets	Snippets	Snippets	0	Working notes on Snippets: .disabled and if class present use prevent default on focus and on click, and dbl click.	article
published	technology/computer/programming/html/sticky_footer	Sticky Footer	Sticky Footer	0	1. Sticks to the bottom.	article
published	technology/computer/programming/html/table	Table	Table	0	Working notes on Table: table: table-layout: fixed;.	article
published	technology/computer/programming/html/vertical_center	Vertical Center	Vertical Center	0	<div style=\"width: 100%; height: 100%; display: table; text-align: center;\">.	article
published	technology/computer/programming/http	HTTP	HTTP	0	Working notes on HTTP: Compression and Expiry.	article
published	technology/computer/programming/http/compression	Compression	Compression	0	Working notes on Compression: Request, header, Response, and header.	article
published	technology/computer/programming/http/expiry	Expiry	Expiry	0	HTTP header sets an expiry duration.	article
published	technology/computer/programming/ios	iOS	iOS	0	Working notes on iOS: Simulator.	article
published	technology/computer/programming/ios/simulator	Simulator	Simulator	0	1. Simulator > Debug > Location.	article
published	technology/computer/programming/java	Java	Java	0	Working notes on Java: Anonymous run, Charset, Conversions, Current directory, Custom sort, and Download, and related topics.	article
published	technology/computer/programming/java/anonymous_run	Anonymous run	Anonymous run	0	Working notes on Anonymous run: Thread t = new Thread(new Runnable() and public void run().	article
published	technology/computer/programming/java/charset	Charset	Charset	0	Working notes on Charset.	article
published	technology/computer/programming/java/conversions	Conversions	Conversions	0	Working notes on Conversions: Byte array to String.	article
published	technology/computer/programming/java/current_directory	Current directory	Current directory	0	Working notes on Current directory.	article
published	technology/computer/programming/java/custom_sort	Custom sort	Custom sort	0	@Override public int compare(HockeyPlayer p1, HockeyPlayer p2) {.	article
published	technology/computer/programming/java/download	Download	Download	0	Working notes on Download: public class Download extends HttpServlet and public void doGet(HttpServletRequest request, HttpServletResponse response) throws IOException.	article
published	technology/computer/programming/java/execution	Execution	Execution	0	Working notes on Execution: Run Jar, Directories not to be preceded by a ‘/’, Classpath, Windows, Linux, and Working directory.	article
published	technology/computer/programming/java/external_jar_location	External JAr location	External JAr location	0	Working notes on External JAr location.	article
published	technology/computer/programming/java/file	File	File	0	Final String UTF8_BOM = \"\\uFEFF\";.	article
published	technology/computer/programming/java/integer_string	Integer > String	Integer > String	0	1. String.valueOf(<number>)	article
published	technology/computer/programming/java/java	Java	Java	0	Process p = Runtime.getRuntime().exec(\"cmd /c dir\");.	article
published	technology/computer/programming/java/java_properties_file	Java Properties file	Java Properties file	0	Working notes on Java Properties file.	article
published	technology/computer/programming/java/name_value_pair	Name Value pair	Name Value pair	0	HttpPost request = new HttpPost();.	article
published	technology/computer/programming/java/notes	Notes	Notes	0	Working notes on Notes: Join two lists, 2. ListUtils.union(list1,list2);, Get class’s details, ArrayList : capacity & size, that does not equate to size, and == operator checks if both sides reference same object.	article
published	technology/computer/programming/java/pass_by	Pass by	Pass by	0	(unlike C++ where references are just another ‘name’ for the same variable).	article
published	technology/computer/programming/java/random	Random	Random	0	(int) new Random().nextInt(<N>);.	article
published	technology/computer/programming/java/remote_debugging	Remote debugging	Remote debugging	0	No spaces in the runjdwp option.	article
published	technology/computer/programming/java/servlet	Servlet	Servlet	0	Working notes on Servlet.	article
published	technology/computer/programming/java/string_conversions	String conversions	String conversions	0	String conversions: to Hex string, byteArray to String, String.getByte(“<encoding:UTF-8>”), and byteArray to String new String(<byteArray> [, <enc.	article
published	technology/computer/programming/java_vs_cpp	Java vs C++	Java vs C++	0	Java versus C++ as used here: no #define (constants), no header file, per-member access specifiers, and no destructor (auto GC).	article
published	technology/computer/programming/javascript	JavaScript	JavaScript	0	Working notes on JavaScript: Array, Conversions, Document Object Model, Dynamic elements, Geo location, and Timer, and related topics.	article
published	technology/computer/programming/javascript/array	Array	Array	0	Working notes on Array: E.g..	article
published	technology/computer/programming/javascript/conversions	Conversions	Conversions	0	Round off to decimal places.	article
published	technology/computer/programming/javascript/document_object_model	Document Object Model	Document Object Model	0	Working notes on Document Object Model: textareaObject.value, Iterate, and for (var i = 0; i < list.length; i++).	article
published	technology/computer/programming/javascript/dynamic_elements	Dynamic elements	Dynamic elements	0	Dynamic elements: var <element> = document.createElement(“<>”);, var <element>.<attribute> = <value>;, and <element>.<attribute> container.appendChild(<eleme.	article
published	technology/computer/programming/javascript/geo_location	Geo location	Geo location	0	Working notes on Geo location: function getLocation(), if (navigator.geolocation), } else, and function showPosition(position).	article
published	technology/computer/programming/javascript/notes	Notes	Notes	0	Working notes on Notes: if(!!var), undefined, Null, if (typeof something === \"undefined\"), Delete Node, and Parent.	article
published	technology/computer/programming/javascript/timer	Timer	Timer	0	SetTimeout(function, timeout [, language : JScript | VBScript | JavaScript);.	article
published	technology/computer/programming/javascript/variables	Variables	Variables	0	1. Primitive assignment actually creates disconnected copies.	article
published	technology/computer/programming/json	JSON	JSON	0	Working notes on JSON: Array.	article
published	technology/computer/programming/json/array	Array	Array	0	Working notes on Array: General.	article
published	technology/computer/programming/json/notes	Notes	Notes	0	Working notes on Notes: Array, ex., Java array to JSON, for (String n : name), and ResponseText > JSON.	article
published	technology/computer/programming/jsp	JSP	JSP	0	Working notes on JSP: Include, Redirects, Remote Debug - Tomcat, and Template.	article
published	technology/computer/programming/jsp/include	Include	Include	0	Include: Inplace, Dynamic, <%@ include file = \"EnumAccess.jsp\" %>, and <jsp:include page=\"...\" />.	article
published	technology/computer/programming/jsp/notes	Notes	Notes	0	Private void myFuncX(String sBits, javax.servlet.jsp.JspWriter myOut).	article
published	technology/computer/programming/jsp/redirects	Redirects	Redirects	0	<%@ taglib uri=\"http://java.sun.com/jsp/jstl/core\" prefix=\"c\" %>.	article
published	technology/computer/programming/jsp/remote_debug_tomcat	Remote Debug - Tomcat	Remote Debug - Tomcat	0	Working notes on Remote Debug - Tomcat: Win and set your JPDA settings.	article
published	technology/computer/programming/jsp/template	Template	Template	0	Template: <%@page, contentType=\"text/html; charset=${encoding}\", pageEncoding=\"${encoding}\", %>, and <!DOCTYPE html>.	article
published	technology/computer/programming/language_codes	Language codes	Language codes	0	Language IDs used here: 461 Nepali NP, 439 Hindi IN, 409 English US, and 44B Kannada IN.	article
published	technology/computer/programming/latex	LaTex	LaTex	0	Working notes on LaTex: Encrypt XeLaTex.	article
published	technology/computer/programming/latex/encrypt_xelatex	Encrypt XeLaTex	Encrypt XeLaTex	0	Encrypt XeLaTex: \\special{pdf:encrypt ownerpw (<owner_password>) us.	article
published	technology/computer/programming/latex/notes	Notes	Notes	0	Working notes on Notes.	article
published	technology/computer/programming/lines_of_code	Lines of code	Lines of code	0	Count lines with find and xargs wc -l on *.php, and grep cpp|c for C and C++.	article
published	technology/computer/programming/log4j	log4j	log4j	0	Working notes on log4j: Grails, Levels, Location, log4j.xml, and Structure.	article
published	technology/computer/programming/log4j/grails	Grails	Grails	0	Working notes on Grails: log4j =, appenders, environments, and def logger = Logger.getRootLogger().	article
published	technology/computer/programming/log4j/levels	Levels	Levels	0	Working notes on Levels.	article
published	technology/computer/programming/log4j/location	Location	Location	0	Location: /WEB-INF/classes/, <context-param>, <param-name>log4jConfigLocation</param-name>, <param-name>log4jConfigLocation</param-name> <para, and <context-param> </context-param>.	article
published	technology/computer/programming/log4j/log4j_xml	log4j.xml	log4j.xml	0	Working notes on log4j.xml: <log4j:configuration debug=\"true\".	article
published	technology/computer/programming/log4j/structure	Structure	Structure	0	Working notes on Structure: Appender, name, param, and Root.	article
published	technology/computer/programming/logitech_lua	Logitech - LUA	Logitech - LUA	0	Working notes on Logitech - LUA: Logitech - LUA.	article
published	technology/computer/programming/logitech_lua/untitled_document	Logitech - LUA	Logitech - LUA	0	Working notes on Logitech - LUA.	article
published	technology/computer/programming/markdown	Markdown	Markdown	0	Markdown as used on StackOverflow, including the horizontal line.	article
published	technology/computer/programming/maths	Maths	Maths	0	Working notes on Maths: Ceil.	article
published	technology/computer/programming/maths/ceil	Ceil	Ceil	0	Without float and library fn.	article
published	technology/computer/programming/ms_sql	MS SQL	MS SQL	0	Working notes on MS SQL: Case, Column condition, Datediff as time, Function, Procedure, and Temprorary Tables.	article
published	technology/computer/programming/ms_sql/case	Case	Case	0	IS NULL Then \"Absent\" else \"\" end as _B_.	article
published	technology/computer/programming/ms_sql/column_condition	Column condition	Column condition	0	Case when Z.xDate IS NULL Then \"Absent\" else \"Present\" end as _B_.	article
published	technology/computer/programming/ms_sql/datediff_as_time	Datediff as time	Datediff as time	0	CONVERT(varchar(12), DATEADD(ms, DATEDIFF(ms, @dt1, @dt2), 0), 114).	article
published	technology/computer/programming/ms_sql/function	Function	Function	0	Must be stored in db.	article
published	technology/computer/programming/ms_sql/procedure	Procedure	Procedure	0	Create Procedure @Present (@dateX datetime).	article
published	technology/computer/programming/ms_sql/temprorary_tables	Temprorary Tables	Temprorary Tables	0	Working notes on Temprorary Tables: Scope and @.	article
published	technology/computer/programming/nant	NAnt	NAnt	0	Working notes on NAnt.	article
published	technology/computer/programming/nant/notes	Notes	Notes	0	Notes: Zip, UnZip, Download, Installation, and To build release bits, run \"make ship\" or \"nant -D.	article
published	technology/computer/programming/objective_c	Objective C	Objective C	0	Working notes on Objective C.	article
published	technology/computer/programming/objective_c/notes	Notes	Notes	0	Working notes on Notes: .h, [-], [+], .m, Invoke, and Classes can also be objects.	article
published	technology/computer/programming/php	PHP	PHP	0	Working notes on PHP: Buffer, Constructs, Debug, Include, Laravel, and PHP.	article
published	technology/computer/programming/php/buffer	Buffer	Buffer	0	Working notes on Buffer: Clear, ob_end_clean();, Stop, and ob_stop();.	article
published	technology/computer/programming/php/constructs	Constructs	Constructs	0	Working notes on Constructs.	article
published	technology/computer/programming/php/debug	Debug	Debug	0	**echo \"File.** {$frame['file']} - Line: {$frame['line']} - Function: {$frame['function']}\\n\";.	article
published	technology/computer/programming/php/include	Include	Include	0	Always relative to the first file path (index.php).	article
published	technology/computer/programming/php/laravel	Laravel	Laravel	0	A MVC framework based on PHP.	article
published	technology/computer/programming/php/php	PHP	PHP	0	All PHP (including ‘include’ files included in php files) must be enclosed.	article
published	technology/computer/programming/powershell	PowerShell	PowerShell	0	Working notes on PowerShell: Array, Escape characters, Execution policy, Inovoke external, Remove files recursively, and Sample, and related topics.	article
published	technology/computer/programming/powershell/array	Array	Array	0	Working notes on Array.	article
published	technology/computer/programming/powershell/escape_characters	Escape characters	Escape characters	0	`<character>.	article
published	technology/computer/programming/powershell/execution_policy	Execution policy	Execution policy	0	Set-ExecutionPolicy -Scope Process -ExecutionPolicy RemoteSigned.	article
published	technology/computer/programming/powershell/inovoke_external	Inovoke external	Inovoke external	0	The param list should be an array.	article
published	technology/computer/programming/powershell/notes	Notes	Notes	0	Working notes on Notes: Execution-Policy, Status, ExecutionPolicy, Enable, Revert, and Execute Script.	article
published	technology/computer/programming/powershell/remove_files_recursively	Remove files recursively	Remove files recursively	0	* is for current path.	article
published	technology/computer/programming/powershell/sample	Sample	Sample	0	Working notes on Sample: Include.	article
published	technology/computer/programming/powershell/scripts	Scripts	Scripts	0	Working notes on Scripts: Bulk rename.	article
published	technology/computer/programming/powershell/scripts/bulk_rename	Bulk rename	Bulk rename	0	Bulk rename: $args | Rename-Item -NewName { $_.Name.ToLower() -.	article
published	technology/computer/programming/powershell/transcript	Transcript	Transcript	0	Error messages are not logged.	article
published	technology/computer/programming/powershell/traverse	Traverse	Traverse	0	Working notes on Traverse: Foreach-Object.	article
published	technology/computer/programming/process	Process	Process	0	Process checklist: go slow, flow one after another, mapping, redundancy, code quality, and best practices.	article
published	technology/computer/programming/python	Python	Python	0	Working notes on Python: Differences, Pass by, and Revise.	article
published	technology/computer/programming/python/differences	Differences	Differences	0	1. Same function with different param list cannot be defined.	article
published	technology/computer/programming/python/pass_by	Pass by	Pass by	0	Working notes on Pass by.	article
published	technology/computer/programming/python/revise	Revise	Revise	0	Working notes on Revise: 1. Remove whitespace - beginning and end, 2. Uppercase, and 3. For.	article
published	technology/computer/programming/r	R	R	0	Working notes on R.	article
published	technology/computer/programming/r/notes	Notes	Notes	0	attach <data_set>.	article
published	technology/computer/programming/regex	RegEx	RegEx	0	Working notes on RegEx.	article
published	technology/computer/programming/regex/notes	Notes	Notes	0	Working notes on Notes: ^, $, ., +, Greedy match, and If / is the delimiter.	article
published	technology/computer/programming/regex_2	RegEx	RegEx	0	Regular-expression notes: special characters, escaping, and keeping ^ $ as they are.	article
published	technology/computer/programming/servlet	Servlet	Servlet	0	Working notes on Servlet: Configuration, Properties file, and Response.	article
published	technology/computer/programming/servlet/configuration	Configuration	Configuration	0	Configuration: private static List<String> listIp = Arrays.asList, private static List<String> listNoSecURI = Arrays., and private private static List<String> listNoSecDir =.	article
published	technology/computer/programming/servlet/notes	Notes	Notes	0	Working notes on Notes: Get session, Forward, Redirect, and GetSessionAttribute.	article
published	technology/computer/programming/servlet/properties_file	Properties file	Properties file	0	Working notes on Properties file.	article
published	technology/computer/programming/servlet/response	Response	Response	0	Working notes on Response: PrintWriter out = response.getWriter();.	article
published	technology/computer/programming/spring_boot	Spring Boot	Spring Boot	0	Working notes on Spring Boot.	article
published	technology/computer/programming/spring_boot/notes	Notes	Notes	0	Working notes on Notes.	article
published	technology/computer/programming/sql	SQL	SQL	0	Working notes on SQL: Create.	article
published	technology/computer/programming/sql/create	Create	Create	0	Create Table <table> (.	article
published	technology/computer/programming/tools	Tools	Tools	0	Working notes on Tools: Prompt to json.	article
published	technology/computer/programming/tools/prompt_to_json	Prompt to json	Prompt to json	0	Working notes on Prompt to json: ChatGPT instructions, 1. **JSON Creation:**, 2. **Prompt Recreation:**, 3. **Review & Adjustments:**, and 4. **Final Presentation:**.	article
published	technology/computer/programming/twitter	twitter	twitter	0	Working notes on twitter: Cards.	article
published	technology/computer/programming/twitter/cards	Cards	Cards	0	Cards: Validatior, and <meta name=\"twitter:creator\" content=\"@SarahMaslin.	article
published	technology/computer/programming/typescript	TypeScript	TypeScript	0	Working notes on TypeScript: TypeScript.	article
published	technology/computer/programming/typescript/typescript	TypeScript	TypeScript	0	1. Typescript is superscript of the Javascript.	article
published	technology/computer/programming/vb_applications	VB Applications	VB Applications	0	Working notes on VB Applications.	article
published	technology/computer/programming/vb_applications/notes	Notes	Notes	0	Working notes on Notes: Module Name must be distinct from Sub or Function Name.	article
published	technology/computer/programming/vb_script	VB Script	VB Script	0	Working notes on VB Script.	article
published	technology/computer/programming/vb_script/notes	Notes	Notes	0	Working notes on Notes: Get Current Dir, Named Parameter, if WScript.Arguments.Named.Exists(\"a\") then, and and used thus.	article
published	technology/computer/programming/versioning	Versioning	Versioning	0	Version scheme Major.Minor.Maintenance.Build, product vs file vs installer version, and the Program Files publisher/product path with a major-version symlink.	article
published	technology/computer/programming/visual_cpp	Visual C++	Visual C++	0	Working notes on Visual C++: Accelerator Keys, ClipBoard, Icon, IDE Notes, IDE Setup, and Language Resource DLL, and related topics.	article
published	technology/computer/programming/visual_cpp/accelerator_keys	Accelerator Keys	Accelerator Keys	0	Working notes on Accelerator Keys: if(!TranslateAccelerator(MainWindow.hWnd, hAccel, &msg)), include \"Resource.h\"., include \"AFXRes.h\"., BEGIN, # define ID_ACTION, and case WM_COMMAND.	article
published	technology/computer/programming/visual_cpp/clipboard	ClipBoard	ClipBoard	0	Working notes on ClipBoard: if(OpenClipboard(NULL)) and if(!SetClipboardData(CF_TEXT, hMem)).	article
published	technology/computer/programming/visual_cpp/icon	Icon	Icon	0	Working notes on Icon.	article
published	technology/computer/programming/visual_cpp/ide_notes	IDE Notes	IDE Notes	0	IDE Notes: copy $(TargetPath) \"C:\\Program Files\\Pankh\\OCR\\Eng.	article
published	technology/computer/programming/visual_cpp/ide_setup	IDE Setup	IDE Setup	0	Working notes on IDE Setup: Tab Spacing and Disable.	article
published	technology/computer/programming/visual_cpp/language_resource_dll	Language Resource DLL	Language Resource DLL	0	Working notes on Language Resource DLL: pragma code_page(57008)., pragma code_page(1252)., pragma code_page(1252)., pragma code_page(57002)., Project Setup, and Linker.	article
published	technology/computer/programming/visual_cpp/project_setup	Project Setup	Project Setup	0	Working notes on Project Setup: Configuration Properties, General, 1. Single Project - Solution, Output Directory, Output Directory, and 2. Multi Project - Solution.	article
published	technology/computer/programming/visual_cpp/project_structure	Project Structure	Project Structure	0	Working notes on Project Structure: Project A, Project A.vcproj.{COMPUTER}.{USER}, Header Files, Contain, Inherit, and Requirements.	article
published	technology/computer/programming/visual_cpp/remember	Remember	Remember	0	Remember: Architecture #Defines: _M_X64 _M_AMD64//_WIN64 || .	article
published	technology/computer/programming/visual_cpp/setup_bat	Setup.bat	Setup.bat	0	Working notes on Setup.bat: IF %ERRORLEVEL% NEQ 0 and Exit.	article
published	technology/computer/programming/visual_cpp/solution_structure	Solution Structure	Solution Structure	0	Working notes on Solution Structure: Solution, 1. Single Project Solution, Project {Main}, Project {Aux}, 2. Multi Project Solution, and Project {1}.	article
published	technology/computer/programming/visual_cpp/windows	Windows	Windows	0	Working notes on Windows: WM_CREATE is an Extension of the CreateWindow Fn call, Message Loop, Parent Window Object, SendMessage, SubClassing, and DialogBox Get Tab & Enter.	article
published	technology/computer/programming/visual_cpp/wix	WiX	WiX	0	Working notes on WiX: Not availabe, 1. Single Project - Solution, OutPath, 2. Multi Project - Solution, and OutPath.	article
published	technology/computer/programming/visual_studio	Visual Studio	Visual Studio	0	Working notes on Visual Studio: Macro.	article
published	technology/computer/programming/visual_studio/macro	Macro	Macro	0	Working notes on Macro.	article
published	technology/computer/programming/winapi	WinAPI	WinAPI	0	Working notes on WinAPI.	article
published	technology/computer/programming/winapi/notes	Notes	Notes	0	Working notes on Notes: Window and Hide.	article
published	technology/computer/programming/wix	WiX	WiX	0	Working notes on WiX: Custom Action, Lauch application upon finish, and Upgrade Support.	article
published	technology/computer/programming/wix/custom_action	Custom Action	Custom Action	0	<CustomAction Id='StopOrcService' BinaryKey='StopOrcService' DllEntry='StopOrcService' Execute='immediate' Return='check'/>.	article
published	technology/computer/programming/wix/lauch_application_upon_finish	Lauch application upon finish	Lauch application upon finish	0	Working notes on Lauch application upon finish: 4. <Publish Dialog=\"ExitDialog\".	article
published	technology/computer/programming/wix/notes	Notes	Notes	0	Working notes on Notes: Get PrintEULA.dll.	article
published	technology/computer/programming/wix/upgrade_support	Upgrade Support	Upgrade Support	0	Working notes on Upgrade Support: <Product Id=\"*\", Version no. (first 3 parts) must change, and <MajorUpgrade.	article
published	technology/computer/programming/xml	XML	XML	0	Working notes on XML: XSLT.	article
published	technology/computer/programming/xml/xslt	XSLT	XSLT	0	**XSL.** EXtensible Stylesheet Language or XML Style Sheets.	article
published	technology/computer/game	Game	Game	0	Computer games	article
published	technology/computer/game/doom	Doom	Doom	0	A series of first person shooter video games by id software	article
published	technology/computer/game/doom/2016	Doom 2016	Doom 2016	0	The fourth installment and reboot of the series	article
published	technology/computer/game/doom/2016/demo	Demo	Demo	0	Doom 2016 Demo	article
published	technology/computer/game/doom/2016/demo/issue	Issues	Issues	0	Doom 2016 Demo issues	article
published	technology/computer/game/doom/2016/demo/issue/vulkan_crash	Vulkan crash	Vulkan crash	0	Doom 2016 Demo crash with Vulkan : Solution	article
published	technology/computer/cap_theorem	CAP Theorem	CAP Theorem — Consistency, Availability, and Partition	0	CAP: a distributed system cannot simultaneously provide consistency, availability, and partition tolerance.	article
published	technology/computer/design	Design	Design	0	Working notes on Design: SOLID.	article
published	technology/computer/design/solid	SOLID	SOLID	0	SOLID object-oriented design: SRP, OCP, LSP, ISP, DIP — maintainability, reuse, scale, flexibility.	article
published	technology/computer/digital_certificate	Digital Certificate	Digital Certificate	0	Working notes on Digital Certificate: Structure.	article
published	technology/computer/digital_certificate/structure	Structure	Structure	0	Digital certificate layout: Version 1, extensions including SANs, critical extensions, and properties.	article
published	technology/computer/email	Email	Email	0	Working notes on Email: Free.	article
published	technology/computer/email/free	Free	Free	0	Free Gmail custom-domain routing: five domains, verified recipients only; CC raises the domain cap.	article
published	technology/computer/future	Future	Future	0	Near-term (2024–2025) bets: generative AI, AR/VR, green tech; then printing a computer, and the limits of an LLM assistant.	article
published	technology/computer/hardware	Hardware	Hardware	0	Working notes on Hardware: Front Panel Audio.	article
published	technology/computer/hardware/front_audio	Front Audio	Front Panel Audio	0	Intel HD Audio front-panel header versus AC'97: jack sensing and the 10-pin pinout.	article
published	technology/computer/license	License	Open Source License	0	Open-source licenses as availability plus usability; GPL v2 Tivoization versus v3, and mere aggregation.	article
published	technology/computer/llm	LLM	LLM	0	Working notes on LLM: LangChain and Prompting.	article
published	technology/computer/llm/langchain	LangChain	LangChain	0	ChatOpenAI JSON mode via model_kwargs; the prompt must contain the word json, and passing response_format directly warns but still works.	article
published	technology/computer/llm/prompting	Prompting	Prompting	0	Prompting: think in steps, keep it short, avoid repetition, and give examples.	article
published	technology/computer/artificial_intelligence/machine_learning	Machine Learning	Machine Learning	0	How data helps shape a learned computer program, how training works, and where machine learning fits within artificial intelligence.	article
published	technology/computer/artificial_intelligence/machine_learning/cnn	CNN	Image Classification — Intro to CNN	0	CNNs learn features from raw pixels: input feature map (width, height, RGB depth) and a stack of convolution, ReLU, pooling.	article
published	technology/computer/artificial_intelligence/machine_learning/links	Links	Links	0	Working notes on Links.	article
published	technology/computer/artificial_intelligence/machine_learning/notes	Notes	Notes	0	Machine learning as training a program to predict from similar data: examples, features, labels, and models.	article
published	technology/computer/microservices	Microservices	Microservices	0	Working notes on Microservices: Architecture Types, Components, Event Sourcing, and Saga.	article
published	technology/computer/microservices/architecture_types	Architecture Types	Architecture Types	0	Microservice architecture types: strangler, saga (orchestrated or choreographed), and aggregator.	article
published	technology/computer/microservices/components	Components	Components	0	Sixteen microservices components, from single-responsibility services and an API gateway through saga-adjacent event-driven pieces and versioning.	article
published	technology/computer/microservices/event_sourcing	Event Sourcing	Event Sourcing	0	Event sourcing stores a stream of events as the source of truth, then replays them (or snapshots) to reconstruct state.	article
published	technology/computer/microservices/saga	Saga	Saga	0	Saga splits a distributed transaction into per-service steps with choreography or orchestration, plus compensating transactions.	article
published	technology/computer/nfc	NFC	NFC	0	Working notes on NFC: DESFire.	article
published	technology/computer/nfc/desfire	DESFire	DESFire	0	MIFARE DESFire: 7-byte UID, master and application keys, 0x28 applications of 0x32 files, 2/4/8 K variants.	article
published	technology/computer/privacy	Privacy	Privacy	0	Working notes on Privacy: Policy.	article
published	technology/computer/privacy/policy	Policy	Policy	0	Generate a privacy policy at termsfeed.com.	article
published	technology/computer/proxy	Proxy	Proxy	0	Working notes on Proxy: WPAD.	article
published	technology/computer/proxy/wpad	WPAD	WPAD	0	WPAD locates wpad.dat via DHCP option 252 or DNS names starting at wpad.<client-domain>.	article
published	technology/computer/rss	RSS	RSS	0	Working notes on RSS: FeedBurner.	article
published	technology/computer/rss/feedburner	FeedBurner	FeedBurner	0	FeedBurner sits as a filter; the original RSS stays private between the site and FeedBurner.	article
published	technology/computer/software	Software	Software	0	Working notes on Software: Software Developer, Versioning, and Windows Installation Disk from ISO.	article
published	technology/computer/software/developer	Developer	Software Developer	0	Qualities of a solid software developer: technical skill, problem-solving, testing, and the surrounding soft skills.	article
published	technology/computer/software/versioning	Versioning	Versioning	0	Semantic versioning MAJOR.MINOR.PATCH, +meta build metadata, and one GitHub tag with many named assets.	article
published	technology/computer/software/windows_iso	Windows ISO	Windows Installation Disk from ISO	0	Build a UEFI Windows 11 USB from an ISO with diskpart, FAT32, bootsect /nt60, and xcopy /E /F /H.	article
published	technology/computer/web	Web	Web	0	Working notes on Web: Recommended Ad Size, Caching, CSS, Minify, Modus Operandi, and Progressive, and related topics.	article
published	technology/computer/web/ad_size	Ad Size	Recommended Ad Size	0	Wide ad sizes: 336x280, 300x250, 728x90, and 160x600.	article
published	technology/computer/web/caching	Caching	Caching	0	ETag revalidation returns Not_modified; file versioning is the way to invalidate before expiry. Cache 1 week to 1 year.	article
published	technology/computer/web/css	CSS	CSS	0	CSS notes: finding unused rules with audit tools and PurifyCSS.	article
published	technology/computer/web/css/purify	Purify	Purify	0	Unused CSS: Chrome audit (current state only), CSS Scanner, word-based PurifyCSS, and UnCSS on URLs via PhantomJS.	article
published	technology/computer/web/minify	Minify	Minify	0	Minify resources; Google's PageSpeed Insights minify guide.	article
published	technology/computer/web/modus_operandi	Modus Operandi	Modus Operandi	0	Site setup: domain, 000WebHost space, DNS, FTP, local dev, then Webmaster HTML verify and Analytics with dev excluded.	article
published	technology/computer/web/progressive	Progressive	Progressive	0	PWA manifest link, 24-bit transparency breaking icons, and a 5x density entry that also breaks them.	article
published	technology/computer/web/responsive_img	Responsive img	Responsive img	0	Responsive images with srcset widths 4000w down to 1000w and a fallback src.	article
published	technology/computer/web/seo	SEO	SEO	0	SEO notes: titles, protocol display, and www.	article
published	technology/computer/web/seo/guidelines	Guidelines	Guidelines	0	SEO titles: · as separator, site name at the end with -, unique titles, https shown, www redundant.	article
published	technology/computer/web/sitemap	Sitemap	Sitemap	0	Sitemap as txt (URLs only) or XML (video/jpg); do not publish both http and https versions.	article
published	technology/computer/web/ssl	SSL	SSL	0	SSL notes: Let's Encrypt issuance, JKS, testing, and renewal.	article
published	technology/computer/web/ssl/letsencrypt	Let's Encrypt	Let's Encrypt	0	Let's Encrypt via gethttpsforfree.com: admin RSA key, server CSR, install on the server; test on SSL Labs; JKS via certbot issue 2920.	article
published	technology/computer/web/ssl/renewal	Renewal	Renewal	0	Do not reuse the CSR on renewal; repeat the entire Let's Encrypt process.	article
published	technology/computer/artificial_intelligence/machine_learning/models	Models	Models	0	What a machine-learning model is, how it relates to the general idea of a model, and where large language models fit.	article
published	technology/computer/artificial_intelligence/machine_learning/models/llm	LLM	Large Language Model	0	What a large language model is, how it predicts text, and what that does and does not mean	article
published	technology/computer/artificial_intelligence/machine_learning/models/transformer	Transformer	Transformer	0	How a Transformer uses attention and context, how its parts fit together, and why it matters for language and image models.	article
publish	technology/computer/location_codes	Location Codes	Location Codes	0	How compact codes can identify a location through a defined geographic reference system.	article
published	science/physics	Physics	Physics	0	The study of matter, energy, fields, motion and the laws used to describe nature.	article
published	science/physics/electrical	Electrical	Electrical	0	The movement, control and use of electric charge, energy and fields.	article
published	science/physics/electromagnetism	Electromagnetism	Electromagnetism	0	How electric charge, magnetic fields, light and electromagnetic waves form one physical theory.	article
published	science/physics/optics	Optics	Optics	0	The study of light, its propagation, interaction with matter, imaging and measurement.	article
published	science/physics/quantum_physics	Quantum Physics	Quantum Physics	0	The framework used to describe matter and light at atomic and subatomic scales.	article
published	science/physics/electrical/capacitance	Capacitance	Capacitance	0	How a system stores charge per unit voltage and why geometry and materials matter.	article
published	science/physics/electrical/current	Current	Current	0	How electric charge flows, what determines its size and how engineers measure it safely.	article
published	science/physics/electrical/ohms_law	Ohms Law	Ohms Law	0	How voltage, current and resistance are related in an ideal resistive model.	article
published	science/physics/electrical/resistance	Resistance	Resistance	0	Why materials oppose charge flow and how resistance turns electrical energy into heat.	article
published	science/physics/electrical/voltage	Voltage	Voltage	0	What electrical potential difference means and how it drives energy transfer in circuits.	article
published	science/physics/electromagnetism/maxwells_equations	Maxwells Equations	Maxwells Equations	0	The four equations that describe how electric and magnetic fields are produced and evolve.	article
published	science/physics/optics/diffraction	Diffraction	Diffraction	0	How waves spread and form patterns when they pass openings or encounter edges.	article
published	science/physics/optics/double_slit_experiment	Double Slit Experiment	Double Slit Experiment	0	Why two paths can produce an interference pattern and challenge classical intuition about light and matter.	article
published	science/physics/optics/laser	Laser	Laser	0	How stimulated emission creates coherent light and why lasers transform science, technology and medicine.	article
published	science/physics/optics/polarization_of_light	Polarization of Light	Polarization of Light	0	How the orientation of an electromagnetic wave changes what light can do and reveal.	article
published	science/physics/quantum_physics/black_body_radiation	Black Body Radiation	Black Body Radiation	0	How heated matter emits light and why its spectrum helped begin quantum physics.	article
published	science/physics/quantum_physics/schrodingers_equation	Schrodingers Equation	Schrodingers Equation	0	How a quantum state changes in time and how probabilities arise from its mathematical description.	article
published	business/startup	Startup	Startup	0	Startup notes covering the early work of shaping, presenting and building a company.	article
published	business	Business	Business	0	Business notes covering entrepreneurship, organisations, markets and commercial practice.	page
published	technology/telecommunications/splitter	Telephone Line Splitter	Telephone Line Splitter	0	How filters separate voice and data frequency bands on a shared copper line.	article
published	technology/telecommunications/adsl	ADSL	ADSL	0	How asymmetric digital subscriber line service provides different downstream and upstream data rates.	article
published	technology/telecommunications/dsl	DSL	DSL	0	How digital subscriber line technologies use higher frequencies on copper telephone wiring for data.	article
published	technology/telecommunications/dial_up	Dial-Up Internet	Dial-Up Internet	0	How computers used telephone calls and modems to establish temporary data connections.	article
published	technology/telecommunications/modem	Modem	Modem	0	How a modulator and demodulator convert digital data into signals suitable for a communication channel.	article
published	technology/telecommunications/fax	Fax	Fax	0	How scanned documents are converted into signals and reproduced at a distant machine.	article
published	technology/telecommunications/telephone_network	Telephone Networks	Telephone Networks	0	How switching, signaling and subscriber lines connect voice calls and data services.	article
published	technology/telecommunications	Telecommunications	Telecommunications	0	How information travels across distance through wired, wireless and optical communication systems.	article
published	technology/computer/graphics_card/compute_shader	Compute Shaders	Compute Shaders	0	General-purpose GPU programs that use graphics hardware without producing traditional pixels.	article
published	technology/computer/graphics_card/rendering_pipeline	Rendering Pipeline	Rendering Pipeline	0	The ordered stages that transform scene data into an image on a display.	article
published	technology/computer/graphics_card/rasterization	Rasterization	Rasterization	0	How geometric primitives become fragments and pixels in a real-time rendering pipeline.	article
published	technology/computer/graphics_card/shader	Shaders	Shaders	0	Small programs that run on graphics hardware to transform geometry, calculate pixels and simulate materials.	article
published	technology/computer/graphics_card/dlss	DLSS	DLSS	0	How deep-learning super sampling reconstructs high-resolution images from lower-resolution renders.	article
published	technology/computer/graphics_card/ray_tracing	Ray Tracing	Ray Tracing	0	How simulated rays model light transport to create reflections, shadows and global illumination.	article
published	technology/computer/graphics_card/vulkan	Vulkan	Vulkan	0	A low-level, explicit graphics and compute API designed for control, predictability and portability.	article
published	technology/computer/graphics_card/directx	DirectX	DirectX	0	Microsoft's family of APIs for graphics, audio, input and game-oriented Windows and Xbox software.	article
published	technology/computer/graphics_card/opengl	OpenGL	OpenGL	0	A portable graphics API for describing geometry, textures, shaders and rendering operations.	article
published	technology/computer/graphics_card/graphics_apis	Graphics APIs	Graphics APIs	0	How software communicates with graphics hardware to define images, compute work and synchronization.	article
published	technology/electronics/semiconductor/manufacturing	Semiconductor Manufacturing	Semiconductor Manufacturing	0	How materials, fabrication steps, packaging and testing turn a chip design into a working device.	article
published	technology/electronics/semiconductor/lithography	Lithography	Lithography	0	How patterned light, masks and chemistry create microscopic structures on semiconductor wafers.	article
published	technology/electronics/fpga	FPGAs	FPGAs	0	How programmable logic devices implement custom digital hardware after manufacturing.	article
published	technology/electronics/vhdl	VHDL	VHDL	0	How a hardware description language expresses digital circuits for simulation and synthesis.	article
published	technology/computer/parallel_computing	Parallel Computing	Parallel Computing	0	How many processing elements cooperate on parts of one problem.	article
published	technology/computer/cuda	CUDA	CUDA	0	How NVIDIA's platform lets programs use GPUs for general-purpose parallel computation.	article
published	technology/computer/cisc	CISC	CISC	0	How complex instruction set architectures place richer operations in the processor instruction set.	article
published	technology/computer/risc	RISC	RISC	0	How reduced instruction set computer architectures trade instruction complexity for efficient implementation.	article
published	technology/computer/gpu	Graphics Processing Units	Graphics Processing Units	0	Why massively parallel processors are useful for graphics, simulation and machine learning.	article
published	technology/computer/graphics_card	Graphics Cards	Graphics Cards	0	How a specialized computer board renders images and accelerates parallel workloads.	article
published	technology/electronics/resistor	Resistors	Resistors	0	How controlled opposition to current sets voltage, limits power and defines circuit behavior.	article
published	technology/electronics/capacitor	Capacitors	Capacitors	0	How separated charge stores electrical energy and shapes timing, filtering and power delivery.	article
published	technology/electronics/diode	Diodes	Diodes	0	How semiconductor junctions control current direction and convert, protect or sense electrical signals.	article
published	technology/electronics/op_amp	Operational Amplifiers	Operational Amplifiers	0	How high-gain differential amplifiers use feedback to perform precise analog operations.	article
published	technology/electronics/microcontroller	Microcontrollers	Microcontrollers	0	How a small computer with processor, memory and peripherals controls physical devices.	article
published	technology/electronics/microprocessor	Microprocessors	Microprocessors	0	How a programmable processor places general-purpose computation on a semiconductor chip.	article
published	technology/radio/modulation	Modulation	Modulation	0	How information changes a carrier wave so it can travel through a communication channel.	article
published	technology/electronics/filter	Filters	Filters	0	How circuits select, reject and reshape ranges of frequencies.	article
published	technology/electronics/amplifier	Amplifiers	Amplifiers	0	How circuits increase signal strength while preserving useful information.	article
published	technology/radio/telegraph	Telegraph	Telegraph	0	How electrical signals carried written messages across long distances before voice and digital networks.	article
published	technology/radio/morse_code	Morse Code	Morse Code	0	How short and long signals became a compact, human-readable code for communication.	article
published	technology/electronics/integrated_circuits	Integrated Circuits	Integrated Circuits	0	How many electronic components can be manufactured together on one small piece of semiconductor.	article
published	technology/electronics/antenna	Antennas	Antennas	0	How conductors launch and receive electromagnetic waves and connect circuits to the world.	article
published	technology/electronics/signal	Signals	Signals	0	How changing physical quantities represent information and how systems preserve, transform and recover it.	article
published	technology/electronics/semiconductor	Semiconductors	Semiconductors	0	Why materials between conductors and insulators make controllable electronic devices possible.	article
published	technology/electronics/optical_fiber	Optical Fiber	Optical Fiber	0	How light guided through glass carries information across continents and into homes.	article
published	technology/electronics/digital_electronics	Digital Electronics	Digital Electronics	0	How discrete states, logic gates and stored bits make reliable programmable systems.	article
published	technology/electronics/lc_oscillation	LC Oscillation	LC Oscillation	0	How inductors and capacitors exchange energy to create resonant electrical oscillations.	article
published	technology/electronics/transistors	Transistors	Transistors	0	How a small semiconductor device controls current and became the foundation of modern electronics.	article
published	technology/electronics/valves	Electronic Valves	Electronic Valves	0	How vacuum tubes controlled electrons and enabled the first electronic amplifiers, computers and radios.	article
published	technology/radio	Radio	Radio	0	How electromagnetic waves carry information through space and how radios create, receive and interpret them.	article
published	technology/power_electronics	Power Electronics	Power Electronics	0	How semiconductor circuits convert and control electrical power efficiently.	article
published	technology/electronics	Electronics	Electronics	0	How circuits control electrons and signals to sense, compute, communicate and create.	article
published	technology/information_technology	Information Technology	Information Technology	0	How information technology became a powerful human tool, why it matters, and how it may shape the future.	article
published	science/physics/electrical/inductance	Inductance	Inductance	0	How changing current induces opposing voltage, stores energy in magnetic fields, and shapes electrical circuits.	article
published	technology/electronics/inductor	Inductors	Inductors	0	How coils store energy in magnetic fields to resist current changes, filter signals and manage power.	article
published	technology/computer/artificial_intelligence/machine_learning/models/llm/cache_handling	LLM Cache Handling	LLM Cache Handling	0	How prompt caching, KV cache management, and context stability reduce latency, save tokens, and improve language model systems.	article
published	business/trade	Trade	Trade	0	Why voluntary exchange creates mutual benefit, drives specialization, and forms the basis of commerce.	article
published	business/trade/barter	Barter	Barter	0	How direct exchange operates without money, and the severe frictions that led societies to create currency.	article
published	business/money	Money	Money	0	What makes an object or ledger entry money, how it solves barter frictions, and why trust is its true foundation.	article
published	business/money/plastic_money	Plastic Money	Plastic Money	0	How payment cards, magnetic stripes, and electronic payment networks replaced physical cash with instant card-based transactions.	article
published	business/money/digital_money	Digital Money	Digital Money	0	How currency transformed into purely electronic ledger entries, real-time payment networks, and programmable money.	article
published	business/money/inflation	Inflation	Inflation	0	How the general rise in prices erodes purchasing power, what causes money to lose value, and how central banks manage it.	article
published	business/money/exchange_rate	Exchange Rate	Exchange Rate	0	Why different countries have different currency values, and the fundamental economic forces that drive exchange rates.	article
published	business/debt	Debt	Debt	0	Why money is fundamentally debt, how credit pulls future productivity into the present, and how ledgers record social obligations.	article
published	business/debt/interest	Interest	Interest	0	How interest acts as the price of time and risk, balancing deferred consumption with capital productivity.	article
published	business/debt/compound_interest	Compound Interest	Compound Interest	0	How interest earning interest creates exponential growth over time, rewarding early savings and punishing long-term debt.	article
published	business/debt/bond	Bond	Bond	0	How debt securities allow governments and companies to borrow capital from the public, paying fixed interest until maturity.	article
published	business/market	Market	Market	0	How financial and capital markets discover prices, allocate investment capital, and provide liquidity.	article
published	business/market/stock	Stock	Stock	0	How shares represent fractional ownership in a corporation, giving holders residual claims on profits and voting rights.	article
published	business/market/stock_exchange	Stock Exchange	Stock Exchange	0	How organized, regulated marketplaces provide liquidity, price discovery, and fair trading for buyers and sellers of securities.	article
published	business/market/hedging	Hedging	Hedging	0	How businesses and investors take offsetting positions in markets to reduce or eliminate the risk of adverse price movements.	article
published	business/startup/how_to_present	How to present	How to Present	0	Practical advice for presenting a company or startup clearly and confidently, from preparation and delivery to slide structure and Q&A.	article
published	science/mathematics	Mathematics	Mathematics	0	The abstract study of number, quantity, space and patterns, built on definitions, axioms and deductive proof.	article
published	science/mathematics/axioms	Axioms	Mathematical Axioms	0	How foundational assumptions accepted without proof establish the starting ground for consistent mathematical systems.	article
published	science/mathematics/proof	Proof	Mathematical Proof	0	How rigorous logical deduction establishes permanent truths, and how each proven result becomes the foundation for future proofs.	article
published	science/mathematics/multiplication	Multiplication	Multiplication	0	How multiplication begins as applied addition, expands into rectangular grids and area, and scales continuous quantities.	article
published	science/mathematics/zero	Zero	Zero	0	Why zero is both an identity element and a positional placeholder, and why pure zero carries no physical unit.	article
published	science/mathematics/division_by_zero	Division by Zero	Division by Zero	0	Why dividing by zero is undefined in arithmetic, what breaks when we attempt it, and how calculus approaches the boundary.	article
published	science/physics/electrical/circuit	Circuit	Electric Circuit	0	How closed conductive paths allow continuous charge flow, transfer electrical energy, and form working systems.	article
published	science/physics/electrical/kirchhoffs_laws	Kirchhoff's Laws	Kirchhoff's Laws	0	How conservation of charge at nodes and conservation of energy around loops allow complete circuit analysis.	article
published	science/physics/electromagnetism/coulombs_law	Coulomb's Law	Coulomb's Law	0	How stationary electric charges attract or repel with a force inversely proportional to the square of their distance.	article
published	science/physics/electromagnetism/faradays_law	Faraday's Law	Faraday's Law	0	How changing magnetic flux induces an electromotive force, linking magnetic fields directly to electricity.	article
published	science/physics/electromagnetism/lenzs_law	Lenz's Law	Lenz's Law	0	Why an induced current always opposes the change in magnetic flux that caused it, preserving conservation of energy.	article
published	science/physics/quantum_physics/photoelectric_effect	Photoelectric Effect	Photoelectric Effect	0	How light ejects electrons from matter only above a threshold frequency, proving light is quantized into photons.	article
published	technology/computer/artificial_intelligence/machine_learning/models/llm/flow_architecture	LLM Flow Architecture	LLM Flow Architecture	0	How modern language model applications structure pipelines, routing, retrieval, tools and state to produce reliable systems.	article
