relative_path,slug,title,category,status,repository,file_page_url,source_url,author,license,license_url,attribution_required,restrictions,brand_source,notes
Computer/index.jpg,computer,Computer,Computer,replaced,Pixabay,https://pixabay.com/photos/board-electronics-computer-453768/,https://pixabay.com/users/blickpixel-52945/,blickpixel,Pixabay License,https://pixabay.com/service/license/,no,,,matched to Original/board-electronics-computer-data-processing-50711.jpeg
Computer/Game/Index.jpg,technology/computer/game,Game,Game,replaced,Pexels,https://www.pexels.com/photo/kick-chess-piece-standing-131616/,https://images.pexels.com/photos/131616/pexels-photo-131616.jpeg,George Becker,Pexels License,https://www.pexels.com/license/,no,,,matched to Original/pexels-photo-131616.jpeg
Computer/OS/Index.jpg,technology/computer/os,OS,OS,replaced,Pexels,https://www.pexels.com/photo/black-internal-hdd-on-black-surface-117729/,https://images.pexels.com/photos/117729/pexels-photo-117729.jpeg,Bohed,Pexels License,https://www.pexels.com/license/,no,,,matched to Original/analogue-business-close-up-117729.jpg
Computer/OS/Android/index.svg,technology/computer/os/android,Android,OS,replaced,Simple Icons,https://github.com/simple-icons/simple-icons/blob/15.0.0/icons/android.svg,https://cdn.jsdelivr.net/npm/simple-icons@15/icons/android.svg,Simple Icons contributors,CC0 1.0,https://creativecommons.org/publicdomain/zero/1.0/,no,Trademark of the respective brand; used here for identification,https://partnermarketinghub.withgoogle.com/brands/android/visual-identity/visual-identity/logo-lock-ups,
Computer/OS/Cygwin/index.svg,technology/computer/os/cygwin,Cygwin,OS,replaced,Wikimedia Commons,https://commons.wikimedia.org/wiki/File%3ACygwin_logo.svg,https://upload.wikimedia.org/wikipedia/commons/2/29/Cygwin_logo.svg?utm_source=commons.wikimedia.org&utm_campaign=imageinfo&utm_content=original,Unknown author,Public domain,,no,,,
Computer/OS/Ios/index.svg,technology/computer/os/ios,Ios,OS,replaced,Simple Icons,https://github.com/simple-icons/simple-icons/blob/15.0.0/icons/ios.svg,https://cdn.jsdelivr.net/npm/simple-icons@15/icons/ios.svg,Simple Icons contributors,CC0 1.0,https://creativecommons.org/publicdomain/zero/1.0/,no,Trademark of the respective brand; used here for identification,https://en.wikipedia.org/wiki/IOS,
Computer/OS/Mac/index.svg,technology/computer/os/mac,Mac,OS,replaced,Simple Icons,https://github.com/simple-icons/simple-icons/blob/15.0.0/icons/macos.svg,https://cdn.jsdelivr.net/npm/simple-icons@15/icons/macos.svg,Simple Icons contributors,CC0 1.0,https://creativecommons.org/publicdomain/zero/1.0/,no,Trademark of the respective brand; used here for identification,https://commons.wikimedia.org/wiki/File:MacOS_wordmark_(2017).svg,
Computer/OS/Nix/index.svg,technology/computer/os/nix,Nix,OS,replaced,Simple Icons,https://github.com/simple-icons/simple-icons/blob/15.22.0/icons/linux.svg,https://raw.githubusercontent.com/simple-icons/simple-icons/15.22.0/icons/linux.svg,Simple Icons contributors,CC0 1.0,https://creativecommons.org/publicdomain/zero/1.0/,no,Trademark of the respective brand; used here for identification,https://www.linuxfoundation.org/the-linux-mark/,manual repair
Computer/OS/Windows/index.svg,technology/computer/os/windows,Windows,OS,replaced,Wikimedia Commons,https://commons.wikimedia.org/wiki/File%3AWindows_11_logo.svg,https://upload.wikimedia.org/wikipedia/commons/e/e6/Windows_11_logo.svg?utm_source=commons.wikimedia.org&utm_campaign=imageinfo&utm_content=original,Microsoft,Public domain,,no,,,
Computer/Program/Adobe_illustrator/index.svg,technology/computer/program/adobe_illustrator,Adobe illustrator,Program,replaced,Wikimedia Commons,https://commons.wikimedia.org/wiki/File%3AAdobe_Illustrator_CC_icon.svg,https://upload.wikimedia.org/wikipedia/commons/f/fb/Adobe_Illustrator_CC_icon.svg?utm_source=commons.wikimedia.org&utm_campaign=imageinfo&utm_content=original,™/®Adobe Inc.,Public domain,,no,,,
Computer/Program/Adobe_premier_pro/index.svg,technology/computer/program/adobe_premier_pro,Adobe premier pro,Program,replaced,Wikimedia Commons,https://commons.wikimedia.org/wiki/File%3AAdobe_Premiere_Pro_CC_icon.svg,https://upload.wikimedia.org/wikipedia/commons/4/40/Adobe_Premiere_Pro_CC_icon.svg?utm_source=commons.wikimedia.org&utm_campaign=imageinfo&utm_content=original,Adobe Inc.,Public domain,,no,,,
Computer/Program/Amazon_cloud_reader/index.svg,technology/computer/program/amazon_cloud_reader,Amazon cloud reader,Program,replaced,Wikimedia Commons,https://commons.wikimedia.org/wiki/File%3AAmazon_Kindle_logo.svg,https://upload.wikimedia.org/wikipedia/commons/2/20/Amazon_Kindle_logo.svg?utm_source=commons.wikimedia.org&utm_campaign=imageinfo&utm_content=original,Amazon.com,Public domain,,no,,,
Computer/Program/Amd_crimson/index.svg,technology/computer/program/amd_crimson,Amd crimson,Program,replaced,Simple Icons,https://github.com/simple-icons/simple-icons/blob/15.0.0/icons/amd.svg,https://cdn.jsdelivr.net/npm/simple-icons@15/icons/amd.svg,Simple Icons contributors,CC0 1.0,https://creativecommons.org/publicdomain/zero/1.0/,no,Trademark of the respective brand; used here for identification,https://www.amd.com,
Computer/Program/Android_studio/index.svg,technology/computer/program/android_studio,Android studio,Program,replaced,Simple Icons,https://github.com/simple-icons/simple-icons/blob/15.0.0/icons/androidstudio.svg,https://cdn.jsdelivr.net/npm/simple-icons@15/icons/androidstudio.svg,Simple Icons contributors,CC0 1.0,https://creativecommons.org/publicdomain/zero/1.0/,no,Trademark of the respective brand; used here for identification,https://developer.android.com/studio,
Computer/Program/Apache_httpd/index.svg,technology/computer/program/apache_httpd,Apache httpd,Program,replaced,Simple Icons,https://github.com/simple-icons/simple-icons/blob/15.0.0/icons/apache.svg,https://cdn.jsdelivr.net/npm/simple-icons@15/icons/apache.svg,Simple Icons contributors,CC0 1.0,https://creativecommons.org/publicdomain/zero/1.0/,no,Trademark of the respective brand; used here for identification,https://www.apache.org/foundation/press/kit,
Computer/Program/Apache_maven/index.svg,technology/computer/program/apache_maven,Apache maven,Program,replaced,Simple Icons,https://github.com/simple-icons/simple-icons/blob/15.0.0/icons/apachemaven.svg,https://cdn.jsdelivr.net/npm/simple-icons@15/icons/apachemaven.svg,Simple Icons contributors,CC0 1.0,https://creativecommons.org/publicdomain/zero/1.0/,no,Trademark of the respective brand; used here for identification,https://apache.org/logos,
Computer/Program/Apache_tomcat/index.svg,technology/computer/program/apache_tomcat,Apache tomcat,Program,replaced,Simple Icons,https://github.com/simple-icons/simple-icons/blob/15.0.0/icons/apachetomcat.svg,https://cdn.jsdelivr.net/npm/simple-icons@15/icons/apachetomcat.svg,Simple Icons contributors,CC0 1.0,https://creativecommons.org/publicdomain/zero/1.0/,no,Trademark of the respective brand; used here for identification,https://apache.org/logos,
Computer/Program/Atom/index.svg,technology/computer/program/atom,Atom,Program,replaced,Wikimedia Commons,https://commons.wikimedia.org/wiki/File%3AAtom_editor_logo_black.svg,https://upload.wikimedia.org/wikipedia/commons/f/fb/Atom_editor_logo_black.svg?utm_source=commons.wikimedia.org&utm_campaign=imageinfo&utm_content=original,Paucabot,Public domain,,no,,,
Computer/Program/Aws/index.svg,technology/computer/program/aws,Aws,Program,replaced,Wikimedia Commons,https://commons.wikimedia.org/wiki/File%3AAmazon_Web_Services_Logo.svg,https://upload.wikimedia.org/wikipedia/commons/9/93/Amazon_Web_Services_Logo.svg?utm_source=commons.wikimedia.org&utm_campaign=imageinfo&utm_content=original,Amazon.com Inc.,Apache License 2.0,http://www.apache.org/licenses/LICENSE-2.0,yes,,,
Computer/Program/Blender/index.svg,technology/computer/program/blender,Blender,Program,replaced,Simple Icons,https://github.com/simple-icons/simple-icons/blob/15.0.0/icons/blender.svg,https://cdn.jsdelivr.net/npm/simple-icons@15/icons/blender.svg,Simple Icons contributors,CC0 1.0,https://creativecommons.org/publicdomain/zero/1.0/,no,Trademark of the respective brand; used here for identification,https://www.blender.org/about/logo,
Computer/Program/Certbot/index.svg,technology/computer/program/certbot,Certbot,Program,replaced,Simple Icons,https://github.com/simple-icons/simple-icons/blob/15.0.0/icons/letsencrypt.svg,https://cdn.jsdelivr.net/npm/simple-icons@15/icons/letsencrypt.svg,Simple Icons contributors,CC0 1.0,https://creativecommons.org/publicdomain/zero/1.0/,no,Trademark of the respective brand; used here for identification,https://letsencrypt.org/trademarks/,
Computer/Program/Cloudflare/index.svg,technology/computer/program/cloudflare,Cloudflare,Program,replaced,Simple Icons,https://github.com/simple-icons/simple-icons/blob/15.0.0/icons/cloudflare.svg,https://cdn.jsdelivr.net/npm/simple-icons@15/icons/cloudflare.svg,Simple Icons contributors,CC0 1.0,https://creativecommons.org/publicdomain/zero/1.0/,no,Trademark of the respective brand; used here for identification,https://www.cloudflare.com/logo/,
Computer/Program/Cpanel/index.svg,technology/computer/program/cpanel,Cpanel,Program,replaced,Simple Icons,https://github.com/simple-icons/simple-icons/blob/15.0.0/icons/cpanel.svg,https://cdn.jsdelivr.net/npm/simple-icons@15/icons/cpanel.svg,Simple Icons contributors,CC0 1.0,https://creativecommons.org/publicdomain/zero/1.0/,no,Trademark of the respective brand; used here for identification,https://cpanel.net/company/cpanel-brand-guide/,
Computer/Program/Cvs/index.svg,technology/computer/program/cvs,Cvs,Program,replaced,Wikimedia Commons,https://commons.wikimedia.org/wiki/File%3ACVS_Logo_2016.svg,https://upload.wikimedia.org/wikipedia/commons/9/9f/CVS_Logo_2016.svg?utm_source=commons.wikimedia.org&utm_campaign=imageinfo&utm_content=original,CVS,Public domain,,no,,,
Computer/Program/Davinci_resolve/index.svg,technology/computer/program/davinci_resolve,Davinci resolve,Program,replaced,Simple Icons,https://github.com/simple-icons/simple-icons/blob/15.0.0/icons/davinciresolve.svg,https://cdn.jsdelivr.net/npm/simple-icons@15/icons/davinciresolve.svg,Simple Icons contributors,CC0 1.0,https://creativecommons.org/publicdomain/zero/1.0/,no,Trademark of the respective brand; used here for identification,https://www.blackmagicdesign.com/media/images/davinci-resolve-logo-square,
Computer/Program/Db2/index.jpg,technology/computer/program/db2,Db2,Program,replaced,Wikimedia Commons,https://commons.wikimedia.org/wiki/File%3ALogo_IBM_DB2.png,https://upload.wikimedia.org/wikipedia/commons/f/f5/Logo_IBM_DB2.png?utm_source=commons.wikimedia.org&utm_campaign=imageinfo&utm_content=original,IsidroJNG,CC0,http://creativecommons.org/publicdomain/zero/1.0/deed.en,no,,,
Computer/Program/Dbeaver/index.svg,technology/computer/program/dbeaver,Dbeaver,Program,replaced,Simple Icons,https://github.com/simple-icons/simple-icons/blob/15.0.0/icons/dbeaver.svg,https://cdn.jsdelivr.net/npm/simple-icons@15/icons/dbeaver.svg,Simple Icons contributors,CC0 1.0,https://creativecommons.org/publicdomain/zero/1.0/,no,Trademark of the respective brand; used here for identification,https://dbeaver.com,
Computer/Program/Dd_wrt/index.jpg,technology/computer/program/dd_wrt,Dd wrt,Program,replaced,Wikimedia Commons,https://commons.wikimedia.org/wiki/File%3ADDwrt.logo.png,https://upload.wikimedia.org/wikipedia/commons/6/64/DDwrt.logo.png?utm_source=commons.wikimedia.org&utm_campaign=imageinfo&utm_content=original,Alex.ryazantsev at Russian Wikipedia,CC BY-SA 3.0,https://creativecommons.org/licenses/by-sa/3.0,yes,,,
Computer/Program/Docker/index.svg,technology/computer/program/docker,Docker,Program,replaced,Simple Icons,https://github.com/simple-icons/simple-icons/blob/15.0.0/icons/docker.svg,https://cdn.jsdelivr.net/npm/simple-icons@15/icons/docker.svg,Simple Icons contributors,CC0 1.0,https://creativecommons.org/publicdomain/zero/1.0/,no,Trademark of the respective brand; used here for identification,https://www.docker.com/company/newsroom/media-resources,
Computer/Program/Drupal/index.svg,technology/computer/program/drupal,Drupal,Program,replaced,Simple Icons,https://github.com/simple-icons/simple-icons/blob/15.0.0/icons/drupal.svg,https://cdn.jsdelivr.net/npm/simple-icons@15/icons/drupal.svg,Simple Icons contributors,CC0 1.0,https://creativecommons.org/publicdomain/zero/1.0/,no,Trademark of the respective brand; used here for identification,https://www.drupal.org/about/media-kit/logos,
Computer/Program/Eclipse/index.svg,technology/computer/program/eclipse,Eclipse,Program,replaced,Simple Icons,https://github.com/simple-icons/simple-icons/blob/15.0.0/icons/eclipseide.svg,https://cdn.jsdelivr.net/npm/simple-icons@15/icons/eclipseide.svg,Simple Icons contributors,CC0 1.0,https://creativecommons.org/publicdomain/zero/1.0/,no,Trademark of the respective brand; used here for identification,https://www.eclipse.org/artwork/,
Computer/Program/Ffmpeg/index.svg,technology/computer/program/ffmpeg,Ffmpeg,Program,replaced,Simple Icons,https://github.com/simple-icons/simple-icons/blob/15.0.0/icons/ffmpeg.svg,https://cdn.jsdelivr.net/npm/simple-icons@15/icons/ffmpeg.svg,Simple Icons contributors,CC0 1.0,https://creativecommons.org/publicdomain/zero/1.0/,no,Trademark of the respective brand; used here for identification,https://commons.wikimedia.org/wiki/File:FFmpeg_Logo_new.svg,
Computer/Program/Filezilla_client/index.svg,technology/computer/program/filezilla_client,Filezilla client,Program,replaced,Simple Icons,https://github.com/simple-icons/simple-icons/blob/15.0.0/icons/filezilla.svg,https://cdn.jsdelivr.net/npm/simple-icons@15/icons/filezilla.svg,Simple Icons contributors,CC0 1.0,https://creativecommons.org/publicdomain/zero/1.0/,no,Trademark of the respective brand; used here for identification,https://commons.wikimedia.org/wiki/File:FileZilla_logo.svg,
Computer/Program/Firebase/index.svg,technology/computer/program/firebase,Firebase,Program,replaced,Simple Icons,https://github.com/simple-icons/simple-icons/blob/15.0.0/icons/firebase.svg,https://cdn.jsdelivr.net/npm/simple-icons@15/icons/firebase.svg,Simple Icons contributors,CC0 1.0,https://creativecommons.org/publicdomain/zero/1.0/,no,Trademark of the respective brand; used here for identification,https://firebase.google.com/brand-guidelines,
Computer/Program/Free_download_manager/index.svg,technology/computer/program/free_download_manager,Free download manager,Program,replaced,Wikimedia Commons,https://commons.wikimedia.org/wiki/File%3ADownload_icon_black.svg,https://upload.wikimedia.org/wikipedia/commons/2/2e/Download_icon_black.svg?utm_source=commons.wikimedia.org&utm_campaign=imageinfo&utm_content=original,Svetlov Artem,CC0,http://creativecommons.org/publicdomain/zero/1.0/deed.en,no,,,manual repair
Computer/Program/Gimp/index.svg,technology/computer/program/gimp,Gimp,Program,replaced,Simple Icons,https://github.com/simple-icons/simple-icons/blob/15.0.0/icons/gimp.svg,https://cdn.jsdelivr.net/npm/simple-icons@15/icons/gimp.svg,Simple Icons contributors,CC0 1.0,https://creativecommons.org/publicdomain/zero/1.0/,no,Trademark of the respective brand; used here for identification,https://gitlab.gnome.org/GNOME/gimp-data/-/blob/e62f1905dcef7ec831ea6c052bb035eb37eaa69e/images/logo/gimp-logo-unicolor.svg,
Computer/Program/Git/index.svg,technology/computer/program/git,Git,Program,replaced,Simple Icons,https://github.com/simple-icons/simple-icons/blob/15.0.0/icons/git.svg,https://cdn.jsdelivr.net/npm/simple-icons@15/icons/git.svg,Simple Icons contributors,CC0 1.0,https://creativecommons.org/publicdomain/zero/1.0/,no,Trademark of the respective brand; used here for identification,https://git-scm.com/downloads/logos,
Computer/Program/Github/index.svg,technology/computer/program/github,Github,Program,replaced,Simple Icons,https://github.com/simple-icons/simple-icons/blob/15.0.0/icons/github.svg,https://cdn.jsdelivr.net/npm/simple-icons@15/icons/github.svg,Simple Icons contributors,CC0 1.0,https://creativecommons.org/publicdomain/zero/1.0/,no,Trademark of the respective brand; used here for identification,https://github.com/logos,
Computer/Program/Gmail/index.svg,technology/computer/program/gmail,Gmail,Program,replaced,Simple Icons,https://github.com/simple-icons/simple-icons/blob/15.0.0/icons/gmail.svg,https://cdn.jsdelivr.net/npm/simple-icons@15/icons/gmail.svg,Simple Icons contributors,CC0 1.0,https://creativecommons.org/publicdomain/zero/1.0/,no,Trademark of the respective brand; used here for identification,https://fonts.gstatic.com/s/i/productlogos/gmail_2020q4/v8/192px.svg,
Computer/Program/Google_analytics/index.svg,technology/computer/program/google_analytics,Google analytics,Program,replaced,Simple Icons,https://github.com/simple-icons/simple-icons/blob/15.0.0/icons/googleanalytics.svg,https://cdn.jsdelivr.net/npm/simple-icons@15/icons/googleanalytics.svg,Simple Icons contributors,CC0 1.0,https://creativecommons.org/publicdomain/zero/1.0/,no,Trademark of the respective brand; used here for identification,https://marketingplatform.google.com/intl/en_uk/about/analytics/,
Computer/Program/Google_apps/index.svg,technology/computer/program/google_apps,Google apps,Program,replaced,Wikimedia Commons,https://commons.wikimedia.org/wiki/File%3AGoogle_Workspace_Logo.svg,https://upload.wikimedia.org/wikipedia/commons/5/5f/Google_Workspace_Logo.svg?utm_source=commons.wikimedia.org&utm_campaign=imageinfo&utm_content=original,Google LLC,Public domain,,no,,,
Computer/Program/Google_chrome/index.svg,technology/computer/program/google_chrome,Google chrome,Program,replaced,Simple Icons,https://github.com/simple-icons/simple-icons/blob/15.0.0/icons/googlechrome.svg,https://cdn.jsdelivr.net/npm/simple-icons@15/icons/googlechrome.svg,Simple Icons contributors,CC0 1.0,https://creativecommons.org/publicdomain/zero/1.0/,no,Trademark of the respective brand; used here for identification,https://www.google.com/chrome,
Computer/Program/Google_cloud/index.svg,technology/computer/program/google_cloud,Google cloud,Program,replaced,Simple Icons,https://github.com/simple-icons/simple-icons/blob/15.0.0/icons/googlecloud.svg,https://cdn.jsdelivr.net/npm/simple-icons@15/icons/googlecloud.svg,Simple Icons contributors,CC0 1.0,https://creativecommons.org/publicdomain/zero/1.0/,no,Trademark of the respective brand; used here for identification,https://cloud.google.com,
Computer/Program/Google_drive/index.svg,technology/computer/program/google_drive,Google drive,Program,replaced,Simple Icons,https://github.com/simple-icons/simple-icons/blob/15.0.0/icons/googledrive.svg,https://cdn.jsdelivr.net/npm/simple-icons@15/icons/googledrive.svg,Simple Icons contributors,CC0 1.0,https://creativecommons.org/publicdomain/zero/1.0/,no,Trademark of the respective brand; used here for identification,https://developers.google.com/drive/web/branding,
Computer/Program/Google_maps/index.svg,technology/computer/program/google_maps,Google maps,Program,replaced,Simple Icons,https://github.com/simple-icons/simple-icons/blob/15.0.0/icons/googlemaps.svg,https://cdn.jsdelivr.net/npm/simple-icons@15/icons/googlemaps.svg,Simple Icons contributors,CC0 1.0,https://creativecommons.org/publicdomain/zero/1.0/,no,Trademark of the respective brand; used here for identification,https://commons.wikimedia.org/wiki/File:Google_Maps_icon.svg,
Computer/Program/Google_search/index.svg,technology/computer/program/google_search,Google search,Program,replaced,Simple Icons,https://github.com/simple-icons/simple-icons/blob/15.0.0/icons/google.svg,https://cdn.jsdelivr.net/npm/simple-icons@15/icons/google.svg,Simple Icons contributors,CC0 1.0,https://creativecommons.org/publicdomain/zero/1.0/,no,Trademark of the respective brand; used here for identification,https://partnermarketinghub.withgoogle.com,
Computer/Program/Google_translate/index.svg,technology/computer/program/google_translate,Google translate,Program,replaced,Simple Icons,https://github.com/simple-icons/simple-icons/blob/15.0.0/icons/googletranslate.svg,https://cdn.jsdelivr.net/npm/simple-icons@15/icons/googletranslate.svg,Simple Icons contributors,CC0 1.0,https://creativecommons.org/publicdomain/zero/1.0/,no,Trademark of the respective brand; used here for identification,https://commons.wikimedia.org/wiki/File:Google_Translate_logo.svg,
Computer/Program/Grub/index.svg,technology/computer/program/grub,Grub,Program,replaced,Simple Icons,https://github.com/simple-icons/simple-icons/blob/15.0.0/icons/gnu.svg,https://cdn.jsdelivr.net/npm/simple-icons@15/icons/gnu.svg,Simple Icons contributors,CC0 1.0,https://creativecommons.org/publicdomain/zero/1.0/,no,Trademark of the respective brand; used here for identification,https://gnu.org,
Computer/Program/Gscript/index.svg,technology/computer/program/gscript,Gscript,Program,replaced,Simple Icons,https://github.com/simple-icons/simple-icons/blob/15.0.0/icons/google.svg,https://cdn.jsdelivr.net/npm/simple-icons@15/icons/google.svg,Simple Icons contributors,CC0 1.0,https://creativecommons.org/publicdomain/zero/1.0/,no,Trademark of the respective brand; used here for identification,https://partnermarketinghub.withgoogle.com,
Computer/Program/Gtalk/index.svg,technology/computer/program/gtalk,Gtalk,Program,replaced,Wikimedia Commons,https://commons.wikimedia.org/wiki/File%3AGoogle_logo_%282010-2013%29.svg,https://upload.wikimedia.org/wikipedia/commons/8/8d/Google_logo_%282010-2013%29.svg?utm_source=commons.wikimedia.org&utm_campaign=imageinfo&utm_content=original,Google Inc/User:Nicky Nouse,Public domain,,no,,,
Computer/Program/Ie/index.svg,technology/computer/program/ie,Ie,Program,replaced,Wikimedia Commons,https://commons.wikimedia.org/wiki/File%3AInternet_Explorer_10%2B11_logo.svg,https://upload.wikimedia.org/wikipedia/commons/1/18/Internet_Explorer_10%2B11_logo.svg?utm_source=commons.wikimedia.org&utm_campaign=imageinfo&utm_content=original,Microsoft,Public domain,,no,,,
Computer/Program/Inkscape/index.svg,technology/computer/program/inkscape,Inkscape,Program,replaced,Simple Icons,https://github.com/simple-icons/simple-icons/blob/15.0.0/icons/inkscape.svg,https://cdn.jsdelivr.net/npm/simple-icons@15/icons/inkscape.svg,Simple Icons contributors,CC0 1.0,https://creativecommons.org/publicdomain/zero/1.0/,no,Trademark of the respective brand; used here for identification,https://inkscape.org/gallery/=inkscape-branding/inkscape-brand-assets/,
Computer/Program/Installshield/index.svg,technology/computer/program/installshield,Installshield,Program,replaced,Wikimedia Commons,https://commons.wikimedia.org/wiki/File%3AInstallShield_Logo.svg,https://upload.wikimedia.org/wikipedia/commons/9/9d/InstallShield_Logo.svg?utm_source=commons.wikimedia.org&utm_campaign=imageinfo&utm_content=original,Unknown author,Public domain,,no,,,
Computer/Program/Internet_explorer/index.svg,technology/computer/program/internet_explorer,Internet explorer,Program,replaced,Wikimedia Commons,https://commons.wikimedia.org/wiki/File%3AInternet_Explorer_10%2B11_logo.svg,https://upload.wikimedia.org/wikipedia/commons/1/18/Internet_Explorer_10%2B11_logo.svg?utm_source=commons.wikimedia.org&utm_campaign=imageinfo&utm_content=original,Microsoft,Public domain,,no,,,
Computer/Program/Java/index.svg,technology/computer/program/java,Java,Program,replaced,Simple Icons,https://github.com/simple-icons/simple-icons/blob/15.22.0/icons/openjdk.svg,https://raw.githubusercontent.com/simple-icons/simple-icons/15.22.0/icons/openjdk.svg,Simple Icons contributors,CC0 1.0,https://creativecommons.org/publicdomain/zero/1.0/,no,Trademark of the respective brand; used here for identification,https://hg.openjdk.java.net/duke/duke/file/ca00f100dafc/vector/Agent.svg,manual repair
Computer/Program/Jmeter/index.svg,technology/computer/program/jmeter,Jmeter,Program,replaced,Simple Icons,https://github.com/simple-icons/simple-icons/blob/15.0.0/icons/apache.svg,https://cdn.jsdelivr.net/npm/simple-icons@15/icons/apache.svg,Simple Icons contributors,CC0 1.0,https://creativecommons.org/publicdomain/zero/1.0/,no,Trademark of the respective brand; used here for identification,https://www.apache.org/foundation/press/kit,
Computer/Program/Laravel/index.svg,technology/computer/program/laravel,Laravel,Program,replaced,Simple Icons,https://github.com/simple-icons/simple-icons/blob/15.0.0/icons/laravel.svg,https://cdn.jsdelivr.net/npm/simple-icons@15/icons/laravel.svg,Simple Icons contributors,CC0 1.0,https://creativecommons.org/publicdomain/zero/1.0/,no,Trademark of the respective brand; used here for identification,https://github.com/laravel/art/tree/5a8325b064634b900f25dbb6f1cafd888b2d2211,
Computer/Program/Maya/index.svg,technology/computer/program/maya,Maya,Program,replaced,Simple Icons,https://github.com/simple-icons/simple-icons/blob/15.0.0/icons/autodesk.svg,https://cdn.jsdelivr.net/npm/simple-icons@15/icons/autodesk.svg,Simple Icons contributors,CC0 1.0,https://creativecommons.org/publicdomain/zero/1.0/,no,Trademark of the respective brand; used here for identification,https://brand.autodesk.com/brand-system/logo,
Computer/Program/Mercurial/index.svg,technology/computer/program/mercurial,Mercurial,Program,replaced,Simple Icons,https://github.com/simple-icons/simple-icons/blob/15.0.0/icons/mercurial.svg,https://cdn.jsdelivr.net/npm/simple-icons@15/icons/mercurial.svg,Simple Icons contributors,CC0 1.0,https://creativecommons.org/publicdomain/zero/1.0/,no,Trademark of the respective brand; used here for identification,https://www.mercurial-scm.org/hg-logo/,
Computer/Program/Mermaid/index.svg,technology/computer/program/mermaid,Mermaid,Program,replaced,Simple Icons,https://github.com/simple-icons/simple-icons/blob/15.0.0/icons/mermaid.svg,https://cdn.jsdelivr.net/npm/simple-icons@15/icons/mermaid.svg,Simple Icons contributors,CC0 1.0,https://creativecommons.org/publicdomain/zero/1.0/,no,Trademark of the respective brand; used here for identification,https://github.com/mermaid-js/mermaid/blob/f5bd1e08098fa688ef889e73c8b06696e75e62d8/docs/public/mermaid-logo.svg,
Computer/Program/Microsoft_excel/index.svg,technology/computer/program/microsoft_excel,Microsoft excel,Program,replaced,Wikimedia Commons,https://commons.wikimedia.org/wiki/File%3AOffice_Excel_2007_logo.svg,https://upload.wikimedia.org/wikipedia/commons/c/cc/Office_Excel_2007_logo.svg?utm_source=commons.wikimedia.org&utm_campaign=imageinfo&utm_content=original,Microsoft,Public domain,,no,,,
Computer/Program/Microsoft_office/index.svg,technology/computer/program/microsoft_office,Microsoft office,Program,replaced,Wikimedia Commons,https://commons.wikimedia.org/wiki/File%3AMicrosoft_365_logo.svg,https://upload.wikimedia.org/wikipedia/commons/3/32/Microsoft_365_logo.svg?utm_source=commons.wikimedia.org&utm_campaign=imageinfo&utm_content=original,ILoveEveryWiki,CC BY-SA 4.0,https://creativecommons.org/licenses/by-sa/4.0,yes,,,
Computer/Program/Microsoft_outlook/index.svg,technology/computer/program/microsoft_outlook,Microsoft outlook,Program,replaced,Wikimedia Commons,https://commons.wikimedia.org/wiki/File%3AMicrosoft_Outlook_logo_%282024%E2%80%932025%29.svg,https://upload.wikimedia.org/wikipedia/commons/b/b3/Microsoft_Outlook_logo_%282024%E2%80%932025%29.svg?utm_source=commons.wikimedia.org&utm_campaign=imageinfo&utm_content=original,Microsoft,Public domain,,no,,,
Computer/Program/Microsoft_remote_desktop/index.jpg,technology/computer/program/microsoft_remote_desktop,Microsoft remote desktop,Program,replaced,Wikimedia Commons,https://commons.wikimedia.org/wiki/File%3ARemote_Assistance_Icon.png,https://upload.wikimedia.org/wikipedia/commons/5/53/Remote_Assistance_Icon.png?utm_source=commons.wikimedia.org&utm_campaign=imageinfo&utm_content=original,Microsoft,Public domain,,no,,,
Computer/Program/Microsoft_security_essentials/index.svg,technology/computer/program/microsoft_security_essentials,Microsoft security essentials,Program,replaced,Wikimedia Commons,https://commons.wikimedia.org/wiki/File%3AMicrosoft_Security_Essentials_wordmark.svg,https://upload.wikimedia.org/wikipedia/commons/f/f7/Microsoft_Security_Essentials_wordmark.svg?utm_source=commons.wikimedia.org&utm_campaign=imageinfo&utm_content=original,Microsoft Corporation,Public domain,,no,,,
Computer/Program/Microsoft_sql_server/index.svg,technology/computer/program/microsoft_sql_server,Microsoft sql server,Program,replaced,Wikimedia Commons,https://commons.wikimedia.org/wiki/File%3AMicrosoft_SQL_Server_2025_icon.svg,https://upload.wikimedia.org/wikipedia/commons/4/41/Microsoft_SQL_Server_2025_icon.svg?utm_source=commons.wikimedia.org&utm_campaign=imageinfo&utm_content=original,Microsoft,Public domain,,no,,,
Computer/Program/Microsoft_visual_studio/index.svg,technology/computer/program/microsoft_visual_studio,Microsoft visual studio,Program,replaced,Wikimedia Commons,https://commons.wikimedia.org/wiki/File%3AVisual_Studio_Icon_2022.svg,https://upload.wikimedia.org/wikipedia/commons/2/2c/Visual_Studio_Icon_2022.svg?utm_source=commons.wikimedia.org&utm_campaign=imageinfo&utm_content=original,Microsoft,Public domain,,no,,,
Computer/Program/Microsoft_word/index.svg,technology/computer/program/microsoft_word,Microsoft word,Program,replaced,Wikimedia Commons,https://commons.wikimedia.org/wiki/File%3AMicrosoft_Word_2013-2019_logo.svg,https://upload.wikimedia.org/wikipedia/commons/8/8d/Microsoft_Word_2013-2019_logo.svg?utm_source=commons.wikimedia.org&utm_campaign=imageinfo&utm_content=original,Microsoft,Public domain,,no,,,
Computer/Program/Mysql/index.svg,technology/computer/program/mysql,Mysql,Program,replaced,Simple Icons,https://github.com/simple-icons/simple-icons/blob/15.0.0/icons/mysql.svg,https://cdn.jsdelivr.net/npm/simple-icons@15/icons/mysql.svg,Simple Icons contributors,CC0 1.0,https://creativecommons.org/publicdomain/zero/1.0/,no,Trademark of the respective brand; used here for identification,https://www.mysql.com/about/legal/logos.html,
Computer/Program/Netbeans/index.svg,technology/computer/program/netbeans,Netbeans,Program,replaced,Simple Icons,https://github.com/simple-icons/simple-icons/blob/15.0.0/icons/apachenetbeanside.svg,https://cdn.jsdelivr.net/npm/simple-icons@15/icons/apachenetbeanside.svg,Simple Icons contributors,CC0 1.0,https://creativecommons.org/publicdomain/zero/1.0/,no,Trademark of the respective brand; used here for identification,https://apache.org/logos,
Computer/Program/Nextjs/index.svg,technology/computer/program/nextjs,Nextjs,Program,replaced,Simple Icons,https://github.com/simple-icons/simple-icons/blob/15.0.0/icons/nextdotjs.svg,https://cdn.jsdelivr.net/npm/simple-icons@15/icons/nextdotjs.svg,Simple Icons contributors,CC0 1.0,https://creativecommons.org/publicdomain/zero/1.0/,no,Trademark of the respective brand; used here for identification,https://vercel.com/design/brands#next-js,
Computer/Program/Nodejs/index.svg,technology/computer/program/nodejs,Nodejs,Program,replaced,Simple Icons,https://github.com/simple-icons/simple-icons/blob/15.0.0/icons/nodedotjs.svg,https://cdn.jsdelivr.net/npm/simple-icons@15/icons/nodedotjs.svg,Simple Icons contributors,CC0 1.0,https://creativecommons.org/publicdomain/zero/1.0/,no,Trademark of the respective brand; used here for identification,https://nodejs.org/en/about/branding,
Computer/Program/Notepad/index.svg,technology/computer/program/notepad,Notepad,Program,replaced,Simple Icons,https://github.com/simple-icons/simple-icons/blob/15.0.0/icons/notepadplusplus.svg,https://cdn.jsdelivr.net/npm/simple-icons@15/icons/notepadplusplus.svg,Simple Icons contributors,CC0 1.0,https://creativecommons.org/publicdomain/zero/1.0/,no,Trademark of the respective brand; used here for identification,https://github.com/notepad-plus-plus/notepad-plus-plus/blob/1f2c63cce173e3e1dc5922637c81a851693e2856/PowerEditor/misc/chameleon/chameleon-pencil.eps,
Computer/Program/Obs_studio/index.svg,technology/computer/program/obs_studio,Obs studio,Program,replaced,Simple Icons,https://github.com/simple-icons/simple-icons/blob/15.0.0/icons/obsstudio.svg,https://cdn.jsdelivr.net/npm/simple-icons@15/icons/obsstudio.svg,Simple Icons contributors,CC0 1.0,https://creativecommons.org/publicdomain/zero/1.0/,no,Trademark of the respective brand; used here for identification,https://commons.wikimedia.org/wiki/File:OBS.svg,
Computer/Program/Openssl/index.svg,technology/computer/program/openssl,Openssl,Program,replaced,Simple Icons,https://github.com/simple-icons/simple-icons/blob/15.0.0/icons/openssl.svg,https://cdn.jsdelivr.net/npm/simple-icons@15/icons/openssl.svg,Simple Icons contributors,CC0 1.0,https://creativecommons.org/publicdomain/zero/1.0/,no,Trademark of the respective brand; used here for identification,https://www.openssl.org,
Computer/Program/Origin/index.svg,technology/computer/program/origin,Origin,Program,replaced,Simple Icons,https://github.com/simple-icons/simple-icons/blob/15.0.0/icons/ea.svg,https://cdn.jsdelivr.net/npm/simple-icons@15/icons/ea.svg,Simple Icons contributors,CC0 1.0,https://creativecommons.org/publicdomain/zero/1.0/,no,Trademark of the respective brand; used here for identification,https://www.ea.com,
Computer/Program/Php/index.svg,technology/computer/program/php,Php,Program,replaced,Simple Icons,https://github.com/simple-icons/simple-icons/blob/15.0.0/icons/php.svg,https://cdn.jsdelivr.net/npm/simple-icons@15/icons/php.svg,Simple Icons contributors,CC0 1.0,https://creativecommons.org/publicdomain/zero/1.0/,no,Trademark of the respective brand; used here for identification,https://php.net/download-logos.php,
Computer/Program/Postgresql/index.svg,technology/computer/program/postgresql,Postgresql,Program,replaced,Simple Icons,https://github.com/simple-icons/simple-icons/blob/15.0.0/icons/postgresql.svg,https://cdn.jsdelivr.net/npm/simple-icons@15/icons/postgresql.svg,Simple Icons contributors,CC0 1.0,https://creativecommons.org/publicdomain/zero/1.0/,no,Trademark of the respective brand; used here for identification,https://wiki.postgresql.org/wiki/Logo,
Computer/Program/Powershell/index.jpg,technology/computer/program/powershell,Powershell,Program,replaced,Wikimedia Commons,https://commons.wikimedia.org/wiki/File%3APowerShell_5.0_icon.png,https://upload.wikimedia.org/wikipedia/commons/2/2f/PowerShell_5.0_icon.png?utm_source=commons.wikimedia.org&utm_campaign=imageinfo&utm_content=original,Microsoft,Public domain,,no,,,
Computer/Program/Putty/index.svg,technology/computer/program/putty,Putty,Program,replaced,Wikimedia Commons,https://commons.wikimedia.org/wiki/File%3ABondo_putty_logo.svg,https://upload.wikimedia.org/wikipedia/commons/9/92/Bondo_putty_logo.svg?utm_source=commons.wikimedia.org&utm_campaign=imageinfo&utm_content=original,Bondo (putty)/,Public domain,,no,,,
Computer/Program/Python/index.svg,technology/computer/program/python,Python,Program,replaced,Simple Icons,https://github.com/simple-icons/simple-icons/blob/15.0.0/icons/python.svg,https://cdn.jsdelivr.net/npm/simple-icons@15/icons/python.svg,Simple Icons contributors,CC0 1.0,https://creativecommons.org/publicdomain/zero/1.0/,no,Trademark of the respective brand; used here for identification,https://www.python.org/community/logos/,
Computer/Program/Sed/index.svg,technology/computer/program/sed,Sed,Program,replaced,Simple Icons,https://github.com/simple-icons/simple-icons/blob/15.0.0/icons/gnu.svg,https://cdn.jsdelivr.net/npm/simple-icons@15/icons/gnu.svg,Simple Icons contributors,CC0 1.0,https://creativecommons.org/publicdomain/zero/1.0/,no,Trademark of the respective brand; used here for identification,https://gnu.org,
Computer/Program/Selenium/index.svg,technology/computer/program/selenium,Selenium,Program,replaced,Simple Icons,https://github.com/simple-icons/simple-icons/blob/15.0.0/icons/selenium.svg,https://cdn.jsdelivr.net/npm/simple-icons@15/icons/selenium.svg,Simple Icons contributors,CC0 1.0,https://creativecommons.org/publicdomain/zero/1.0/,no,Trademark of the respective brand; used here for identification,https://github.com/SeleniumHQ/heroku-selenium/blob/2f66891ba030d3aa1f36ab1748c52ba4fb4e057d/selenium-green.svg,
Computer/Program/Sharepoint/index.jpg,technology/computer/program/sharepoint,Sharepoint,Program,replaced,Wikimedia Commons,https://commons.wikimedia.org/wiki/File%3ASharePoint_2013_Logo.PNG,https://upload.wikimedia.org/wikipedia/commons/8/81/SharePoint_2013_Logo.PNG?utm_source=commons.wikimedia.org&utm_campaign=imageinfo&utm_content=original,Microsoft Corporation,Public domain,,no,,,
Computer/Program/Slack/index.svg,technology/computer/program/slack,Slack,Program,replaced,Simple Icons,https://github.com/simple-icons/simple-icons/blob/15.0.0/icons/slack.svg,https://cdn.jsdelivr.net/npm/simple-icons@15/icons/slack.svg,Simple Icons contributors,CC0 1.0,https://creativecommons.org/publicdomain/zero/1.0/,no,Trademark of the respective brand; used here for identification,https://slack.com/brand-guidelines,
Computer/Program/Spring_boot/index.svg,technology/computer/program/spring_boot,Spring boot,Program,replaced,Simple Icons,https://github.com/simple-icons/simple-icons/blob/15.0.0/icons/springboot.svg,https://cdn.jsdelivr.net/npm/simple-icons@15/icons/springboot.svg,Simple Icons contributors,CC0 1.0,https://creativecommons.org/publicdomain/zero/1.0/,no,Trademark of the respective brand; used here for identification,https://spring.io/projects,
Computer/Program/Steam/index.svg,technology/computer/program/steam,Steam,Program,replaced,Simple Icons,https://github.com/simple-icons/simple-icons/blob/15.0.0/icons/steam.svg,https://cdn.jsdelivr.net/npm/simple-icons@15/icons/steam.svg,Simple Icons contributors,CC0 1.0,https://creativecommons.org/publicdomain/zero/1.0/,no,Trademark of the respective brand; used here for identification,https://partner.steamgames.com/doc/marketing/branding,
Computer/Program/Svn/index.svg,technology/computer/program/svn,Svn,Program,replaced,Simple Icons,https://github.com/simple-icons/simple-icons/blob/15.0.0/icons/subversion.svg,https://cdn.jsdelivr.net/npm/simple-icons@15/icons/subversion.svg,Simple Icons contributors,CC0 1.0,https://creativecommons.org/publicdomain/zero/1.0/,no,Trademark of the respective brand; used here for identification,https://subversion.apache.org/logo,
Computer/Program/Teamviewer/index.svg,technology/computer/program/teamviewer,Teamviewer,Program,replaced,Simple Icons,https://github.com/simple-icons/simple-icons/blob/15.0.0/icons/teamviewer.svg,https://cdn.jsdelivr.net/npm/simple-icons@15/icons/teamviewer.svg,Simple Icons contributors,CC0 1.0,https://creativecommons.org/publicdomain/zero/1.0/,no,Trademark of the respective brand; used here for identification,https://www.teamviewer.com,
Computer/Program/Tesseract/index.jpg,technology/computer/program/tesseract,Tesseract,Program,replaced,Wikimedia Commons,https://commons.wikimedia.org/wiki/File%3ATesseract_OCR_logo_%28Google%29.png,https://upload.wikimedia.org/wikipedia/commons/7/78/Tesseract_OCR_logo_%28Google%29.png?utm_source=commons.wikimedia.org&utm_campaign=imageinfo&utm_content=original,"Google, Inc.",Public domain,,no,,,
Computer/Program/Unity/index.svg,technology/computer/program/unity,Unity,Program,replaced,Simple Icons,https://github.com/simple-icons/simple-icons/blob/15.0.0/icons/unity.svg,https://cdn.jsdelivr.net/npm/simple-icons@15/icons/unity.svg,Simple Icons contributors,CC0 1.0,https://creativecommons.org/publicdomain/zero/1.0/,no,Trademark of the respective brand; used here for identification,https://brand.unity.com,
Computer/Program/Utorrent/index.jpg,technology/computer/program/utorrent,Utorrent,Program,replaced,Wikimedia Commons,https://commons.wikimedia.org/wiki/File%3AUTorrent_%28logo%29.png,https://upload.wikimedia.org/wikipedia/commons/9/9f/UTorrent_%28logo%29.png?utm_source=commons.wikimedia.org&utm_campaign=imageinfo&utm_content=original,μTorrent,Public domain,,no,,,
Computer/Program/Vi/index.svg,technology/computer/program/vi,Vi,Program,replaced,Simple Icons,https://github.com/simple-icons/simple-icons/blob/15.0.0/icons/vim.svg,https://cdn.jsdelivr.net/npm/simple-icons@15/icons/vim.svg,Simple Icons contributors,CC0 1.0,https://creativecommons.org/publicdomain/zero/1.0/,no,Trademark of the respective brand; used here for identification,https://commons.wikimedia.org/wiki/File:Vimlogo.svg,
Computer/Program/Viber/index.svg,technology/computer/program/viber,Viber,Program,replaced,Simple Icons,https://github.com/simple-icons/simple-icons/blob/15.0.0/icons/viber.svg,https://cdn.jsdelivr.net/npm/simple-icons@15/icons/viber.svg,Simple Icons contributors,CC0 1.0,https://creativecommons.org/publicdomain/zero/1.0/,no,Trademark of the respective brand; used here for identification,https://www.viber.com/brand-center,
Computer/Program/Virtualbox/index.svg,technology/computer/program/virtualbox,Virtualbox,Program,replaced,Simple Icons,https://github.com/simple-icons/simple-icons/blob/15.0.0/icons/virtualbox.svg,https://cdn.jsdelivr.net/npm/simple-icons@15/icons/virtualbox.svg,Simple Icons contributors,CC0 1.0,https://creativecommons.org/publicdomain/zero/1.0/,no,Trademark of the respective brand; used here for identification,https://www.virtualbox.org/svn/vbox/trunk/src/VBox/Artwork/OSE,
Computer/Program/Vs_code/index.svg,technology/computer/program/vs_code,Vs code,Program,replaced,Wikimedia Commons,https://commons.wikimedia.org/wiki/File%3AVisual_Studio_Code_1.35_icon.svg,https://upload.wikimedia.org/wikipedia/commons/9/9a/Visual_Studio_Code_1.35_icon.svg?utm_source=commons.wikimedia.org&utm_campaign=imageinfo&utm_content=original,Microsoft,Public domain,,no,,,
Computer/Program/Vulkan/index.svg,technology/computer/program/vulkan,Vulkan,Program,replaced,Simple Icons,https://github.com/simple-icons/simple-icons/blob/15.0.0/icons/vulkan.svg,https://cdn.jsdelivr.net/npm/simple-icons@15/icons/vulkan.svg,Simple Icons contributors,CC0 1.0,https://creativecommons.org/publicdomain/zero/1.0/,no,Trademark of the respective brand; used here for identification,https://www.khronos.org/legal/trademarks,
Computer/Program/Wget/index.svg,technology/computer/program/wget,Wget,Program,replaced,Simple Icons,https://github.com/simple-icons/simple-icons/blob/15.22.0/icons/gnu.svg,https://raw.githubusercontent.com/simple-icons/simple-icons/15.22.0/icons/gnu.svg,Simple Icons contributors,CC0 1.0,https://creativecommons.org/publicdomain/zero/1.0/,no,Trademark of the respective brand; used here for identification,https://gnu.org,manual repair
Computer/Program/Whatsapp/index.svg,technology/computer/program/whatsapp,Whatsapp,Program,replaced,Simple Icons,https://github.com/simple-icons/simple-icons/blob/15.0.0/icons/whatsapp.svg,https://cdn.jsdelivr.net/npm/simple-icons@15/icons/whatsapp.svg,Simple Icons contributors,CC0 1.0,https://creativecommons.org/publicdomain/zero/1.0/,no,Trademark of the respective brand; used here for identification,https://about.meta.com/brand/resources/whatsapp/whatsapp-brand,
Computer/Program/Windows_media_player/index.svg,technology/computer/program/windows_media_player,Windows media player,Program,replaced,Wikimedia Commons,https://commons.wikimedia.org/wiki/File%3AMedia_Player_Windows_11_logo.svg,https://upload.wikimedia.org/wikipedia/commons/5/51/Media_Player_Windows_11_logo.svg?utm_source=commons.wikimedia.org&utm_campaign=imageinfo&utm_content=original,Microsoft Corporation,Public domain,,no,,,
Computer/Program/Windows_terminal/index.jpg,technology/computer/program/windows_terminal,Windows terminal,Program,replaced,Wikimedia Commons,https://commons.wikimedia.org/wiki/File%3AWindows_Terminal_-_Icon_collection.png,https://upload.wikimedia.org/wikipedia/commons/1/1d/Windows_Terminal_-_Icon_collection.png?utm_source=commons.wikimedia.org&utm_campaign=imageinfo&utm_content=original,Microsoft Corporation,MIT,http://opensource.org/licenses/mit-license.php,yes,,,
Computer/Program/Wol/index.jpg,technology/computer/program/wol,Wol,Program,replaced,Wikimedia Commons,https://commons.wikimedia.org/wiki/File%3AWake_on_LAN_connector.JPG,https://upload.wikimedia.org/wikipedia/commons/5/58/Wake_on_LAN_connector.JPG?utm_source=commons.wikimedia.org&utm_campaign=imageinfo&utm_content=original,Raymangold22,CC0,http://creativecommons.org/publicdomain/zero/1.0/deed.en,no,,,"Wake-on-LAN hardware photo (Commons CC0), not a product logo"
Computer/Program/Wordpress/index.svg,technology/computer/program/wordpress,Wordpress,Program,replaced,Simple Icons,https://github.com/simple-icons/simple-icons/blob/15.0.0/icons/wordpress.svg,https://cdn.jsdelivr.net/npm/simple-icons@15/icons/wordpress.svg,Simple Icons contributors,CC0 1.0,https://creativecommons.org/publicdomain/zero/1.0/,no,Trademark of the respective brand; used here for identification,https://wordpress.org/about/logos,
Computer/Program/Youtube/index.svg,technology/computer/program/youtube,Youtube,Program,replaced,Simple Icons,https://github.com/simple-icons/simple-icons/blob/15.0.0/icons/youtube.svg,https://cdn.jsdelivr.net/npm/simple-icons@15/icons/youtube.svg,Simple Icons contributors,CC0 1.0,https://creativecommons.org/publicdomain/zero/1.0/,no,Trademark of the respective brand; used here for identification,https://www.youtube.com/howyoutubeworks/resources/brand-resources/#logos-icons-and-colors,
Computer/Program/Zbrush/index.svg,technology/computer/program/zbrush,Zbrush,Program,replaced,Wikimedia Commons,https://commons.wikimedia.org/wiki/File%3AZBrush_icon_new.svg,https://upload.wikimedia.org/wikipedia/commons/9/95/ZBrush_icon_new.svg?utm_source=commons.wikimedia.org&utm_campaign=imageinfo&utm_content=original,Hajj 3,CC BY-SA 4.0,https://creativecommons.org/licenses/by-sa/4.0,yes,,,
Computer/Programming/Index.jpg,technology/computer/programming,Programming,Programming,replaced,Pexels,https://www.pexels.com/photo/photo-of-turned-on-laptop-computer-943096/,https://images.pexels.com/photos/943096/pexels-photo-943096.jpeg,Danny Meneses,Pexels License,https://www.pexels.com/license/,no,,,matched to Original/business-code-coding-943096.jpg
Computer/Programming/Ajax/index.svg,technology/computer/programming/ajax,Ajax,Programming,replaced,Wikimedia Commons,https://commons.wikimedia.org/wiki/File%3AAJAX_logo_by_gengns.svg,https://upload.wikimedia.org/wikipedia/commons/a/a1/AJAX_logo_by_gengns.svg?utm_source=commons.wikimedia.org&utm_campaign=imageinfo&utm_content=original,Gengns-Genesis,CC BY-SA 4.0,https://creativecommons.org/licenses/by-sa/4.0,yes,,,
Computer/Programming/Android/index.svg,technology/computer/programming/android,Android,Programming,replaced,Simple Icons,https://github.com/simple-icons/simple-icons/blob/15.0.0/icons/android.svg,https://cdn.jsdelivr.net/npm/simple-icons@15/icons/android.svg,Simple Icons contributors,CC0 1.0,https://creativecommons.org/publicdomain/zero/1.0/,no,Trademark of the respective brand; used here for identification,https://partnermarketinghub.withgoogle.com/brands/android/visual-identity/visual-identity/logo-lock-ups,
Computer/Programming/Angular/index.svg,technology/computer/programming/angular,Angular,Programming,replaced,Simple Icons,https://github.com/simple-icons/simple-icons/blob/15.0.0/icons/angular.svg,https://cdn.jsdelivr.net/npm/simple-icons@15/icons/angular.svg,Simple Icons contributors,CC0 1.0,https://creativecommons.org/publicdomain/zero/1.0/,no,Trademark of the respective brand; used here for identification,https://angular.dev/press-kit,
Computer/Programming/Awk/index.jpg,technology/computer/programming/awk,Awk,Programming,replaced,Wikimedia Commons,https://commons.wikimedia.org/wiki/File%3ALogo_AWK_RGB_klein.png,https://upload.wikimedia.org/wikipedia/commons/c/cc/Logo_AWK_RGB_klein.png?utm_source=commons.wikimedia.org&utm_campaign=imageinfo&utm_content=original,PeterGabrielAWK,CC BY-SA 4.0,https://creativecommons.org/licenses/by-sa/4.0,yes,,,
Computer/Programming/Cpp/index.svg,technology/computer/programming/cpp,Cpp,Programming,replaced,Simple Icons,https://github.com/simple-icons/simple-icons/blob/15.0.0/icons/cplusplus.svg,https://cdn.jsdelivr.net/npm/simple-icons@15/icons/cplusplus.svg,Simple Icons contributors,CC0 1.0,https://creativecommons.org/publicdomain/zero/1.0/,no,Trademark of the respective brand; used here for identification,https://github.com/isocpp/logos/tree/64ef037049f87ac74875dbe72695e59118b52186,
Computer/Programming/Css/index.svg,technology/computer/programming/css,Css,Programming,replaced,Simple Icons,https://github.com/simple-icons/simple-icons/blob/15.0.0/icons/css.svg,https://cdn.jsdelivr.net/npm/simple-icons@15/icons/css.svg,Simple Icons contributors,CC0 1.0,https://creativecommons.org/publicdomain/zero/1.0/,no,Trademark of the respective brand; used here for identification,https://github.com/CSS-Next/logo.css/blob/bacc20878227204b283c68a6b935f8279e06b0cd/css.svg,
Computer/Programming/Firebase/index.svg,technology/computer/programming/firebase,Firebase,Programming,replaced,Simple Icons,https://github.com/simple-icons/simple-icons/blob/15.0.0/icons/firebase.svg,https://cdn.jsdelivr.net/npm/simple-icons@15/icons/firebase.svg,Simple Icons contributors,CC0 1.0,https://creativecommons.org/publicdomain/zero/1.0/,no,Trademark of the respective brand; used here for identification,https://firebase.google.com/brand-guidelines,
Computer/Programming/Ftp/index.jpg,technology/computer/programming/ftp,Ftp,Programming,replaced,Wikimedia Commons,https://commons.wikimedia.org/wiki/File%3AMacfusionIcon.png,https://upload.wikimedia.org/wikipedia/commons/d/d1/MacfusionIcon.png?utm_source=commons.wikimedia.org&utm_campaign=imageinfo&utm_content=original,Milli Jolic,Apache License 2.0,http://www.apache.org/licenses/LICENSE-2.0,yes,,,
Computer/Programming/Fusionchart/index.jpg,technology/computer/programming/fusionchart,Fusionchart,Programming,replaced,Wikimedia Commons,https://commons.wikimedia.org/wiki/File%3AFusioncharts_company_logo.png,https://upload.wikimedia.org/wikipedia/commons/7/71/Fusioncharts_company_logo.png?utm_source=commons.wikimedia.org&utm_campaign=imageinfo&utm_content=original,FusionCharts,Public domain,,no,,,
Computer/Programming/Google_api/index.svg,technology/computer/programming/google_api,Google api,Programming,replaced,Simple Icons,https://github.com/simple-icons/simple-icons/blob/15.0.0/icons/google.svg,https://cdn.jsdelivr.net/npm/simple-icons@15/icons/google.svg,Simple Icons contributors,CC0 1.0,https://creativecommons.org/publicdomain/zero/1.0/,no,Trademark of the respective brand; used here for identification,https://partnermarketinghub.withgoogle.com,
Computer/Programming/Google_cloud_platform_functions/index.svg,technology/computer/programming/google_cloud_platform_functions,Google cloud platform functions,Programming,replaced,Simple Icons,https://github.com/simple-icons/simple-icons/blob/15.0.0/icons/googlecloud.svg,https://cdn.jsdelivr.net/npm/simple-icons@15/icons/googlecloud.svg,Simple Icons contributors,CC0 1.0,https://creativecommons.org/publicdomain/zero/1.0/,no,Trademark of the respective brand; used here for identification,https://cloud.google.com,
Computer/Programming/Groovy/index.svg,technology/computer/programming/groovy,Groovy,Programming,replaced,Simple Icons,https://github.com/simple-icons/simple-icons/blob/15.0.0/icons/apachegroovy.svg,https://cdn.jsdelivr.net/npm/simple-icons@15/icons/apachegroovy.svg,Simple Icons contributors,CC0 1.0,https://creativecommons.org/publicdomain/zero/1.0/,no,Trademark of the respective brand; used here for identification,https://apache.org/logos,
Computer/Programming/Html/index.svg,technology/computer/programming/html,Html,Programming,replaced,Simple Icons,https://github.com/simple-icons/simple-icons/blob/15.0.0/icons/html5.svg,https://cdn.jsdelivr.net/npm/simple-icons@15/icons/html5.svg,Simple Icons contributors,CC0 1.0,https://creativecommons.org/publicdomain/zero/1.0/,no,Trademark of the respective brand; used here for identification,https://www.w3.org/html/logo/,
Computer/Programming/Http/index.svg,technology/computer/programming/http,Http,Programming,replaced,Wikimedia Commons,https://commons.wikimedia.org/wiki/File%3AHTTP_logo.svg,https://upload.wikimedia.org/wikipedia/commons/5/5b/HTTP_logo.svg?utm_source=commons.wikimedia.org&utm_campaign=imageinfo&utm_content=original,IETF HTTP Working Group (HTTPbis),Public domain,,no,,,
Computer/Programming/Ios/index.svg,technology/computer/programming/ios,Ios,Programming,replaced,Simple Icons,https://github.com/simple-icons/simple-icons/blob/15.0.0/icons/ios.svg,https://cdn.jsdelivr.net/npm/simple-icons@15/icons/ios.svg,Simple Icons contributors,CC0 1.0,https://creativecommons.org/publicdomain/zero/1.0/,no,Trademark of the respective brand; used here for identification,https://en.wikipedia.org/wiki/IOS,
Computer/Programming/Java/index.svg,technology/computer/programming/java,Java,Programming,replaced,Simple Icons,https://github.com/simple-icons/simple-icons/blob/15.22.0/icons/openjdk.svg,https://raw.githubusercontent.com/simple-icons/simple-icons/15.22.0/icons/openjdk.svg,Simple Icons contributors,CC0 1.0,https://creativecommons.org/publicdomain/zero/1.0/,no,Trademark of the respective brand; used here for identification,https://hg.openjdk.java.net/duke/duke/file/ca00f100dafc/vector/Agent.svg,manual repair
Computer/Programming/Javascript/index.svg,technology/computer/programming/javascript,Javascript,Programming,replaced,Simple Icons,https://github.com/simple-icons/simple-icons/blob/15.0.0/icons/javascript.svg,https://cdn.jsdelivr.net/npm/simple-icons@15/icons/javascript.svg,Simple Icons contributors,CC0 1.0,https://creativecommons.org/publicdomain/zero/1.0/,no,Trademark of the respective brand; used here for identification,https://github.com/voodootikigod/logo.js/blob/1544bdeed6d618a6cfe4f0650d04ab8d9cfa76d9/js.svg,
Computer/Programming/Json/index.svg,technology/computer/programming/json,Json,Programming,replaced,Simple Icons,https://github.com/simple-icons/simple-icons/blob/15.0.0/icons/json.svg,https://cdn.jsdelivr.net/npm/simple-icons@15/icons/json.svg,Simple Icons contributors,CC0 1.0,https://creativecommons.org/publicdomain/zero/1.0/,no,Trademark of the respective brand; used here for identification,https://commons.wikimedia.org/wiki/File:JSON_vector_logo.svg,
Computer/Programming/Jsp/index.jpg,technology/computer/programming/jsp,Jsp,Programming,replaced,Wikimedia Commons,https://commons.wikimedia.org/wiki/File%3AJakarta_Server_Faces_logo.tiff,https://upload.wikimedia.org/wikipedia/commons/a/ad/Jakarta_Server_Faces_logo.tiff?utm_source=commons.wikimedia.org&utm_campaign=imageinfo&utm_content=original,The original uploader was Edburns at Wikipedia.,Public domain,,no,,,
Computer/Programming/Latex/index.svg,technology/computer/programming/latex,Latex,Programming,replaced,Simple Icons,https://github.com/simple-icons/simple-icons/blob/15.0.0/icons/latex.svg,https://cdn.jsdelivr.net/npm/simple-icons@15/icons/latex.svg,Simple Icons contributors,CC0 1.0,https://creativecommons.org/publicdomain/zero/1.0/,no,Trademark of the respective brand; used here for identification,https://github.com/latex3/branding/tree/9def6b5f6075567d62b67424e11dbe6d4d5245b4,
Computer/Programming/Lines_of_code/index.svg,technology/computer/programming/lines_of_code,Lines of code,Programming,replaced,Simple Icons,https://github.com/simple-icons/simple-icons/blob/15.22.0/icons/vim.svg,https://raw.githubusercontent.com/simple-icons/simple-icons/15.22.0/icons/vim.svg,Simple Icons contributors,CC0 1.0,https://creativecommons.org/publicdomain/zero/1.0/,no,Trademark of the respective brand; used here for identification,https://commons.wikimedia.org/wiki/File:Vimlogo.svg,stand-in: Vim mark; no dedicated lines-of-code free logo
Computer/Programming/Log4j/index.svg,technology/computer/programming/log4j,Log4j,Programming,replaced,Simple Icons,https://github.com/simple-icons/simple-icons/blob/15.0.0/icons/apache.svg,https://cdn.jsdelivr.net/npm/simple-icons@15/icons/apache.svg,Simple Icons contributors,CC0 1.0,https://creativecommons.org/publicdomain/zero/1.0/,no,Trademark of the respective brand; used here for identification,https://www.apache.org/foundation/press/kit,
Computer/Programming/Logitech_lua/index.svg,technology/computer/programming/logitech_lua,Logitech lua,Programming,replaced,Simple Icons,https://github.com/simple-icons/simple-icons/blob/15.0.0/icons/lua.svg,https://cdn.jsdelivr.net/npm/simple-icons@15/icons/lua.svg,Simple Icons contributors,CC0 1.0,https://creativecommons.org/publicdomain/zero/1.0/,no,Trademark of the respective brand; used here for identification,https://www.lua.org/images/,
Computer/Programming/Markdown/index.svg,technology/computer/programming/markdown,Markdown,Programming,replaced,Simple Icons,https://github.com/simple-icons/simple-icons/blob/15.0.0/icons/markdown.svg,https://cdn.jsdelivr.net/npm/simple-icons@15/icons/markdown.svg,Simple Icons contributors,CC0 1.0,https://creativecommons.org/publicdomain/zero/1.0/,no,Trademark of the respective brand; used here for identification,https://github.com/dcurtis/markdown-mark/tree/360a3657fef7f6ad0b303296a95ad52985caa0d3,
Computer/Programming/Ms_sql/index.svg,technology/computer/programming/ms_sql,Ms sql,Programming,replaced,Wikimedia Commons,https://commons.wikimedia.org/wiki/File%3AMicrosoft_SQL_Server_2025_icon.svg,https://upload.wikimedia.org/wikipedia/commons/4/41/Microsoft_SQL_Server_2025_icon.svg?utm_source=commons.wikimedia.org&utm_campaign=imageinfo&utm_content=original,Microsoft,Public domain,,no,,,
Computer/Programming/Nant/index.svg,technology/computer/programming/nant,Nant,Programming,replaced,Wikimedia Commons,https://commons.wikimedia.org/wiki/File%3AApache-Ant-logo.svg,https://upload.wikimedia.org/wikipedia/commons/2/2f/Apache-Ant-logo.svg?utm_source=commons.wikimedia.org&utm_campaign=imageinfo&utm_content=original,"The Apache Ant Project Team, designed by Nick King",Apache License 2.0,http://www.apache.org/licenses/LICENSE-2.0,yes,,,stand-in: Apache Ant logo; NAnt is a .NET relative of Ant and has no clearly licensed NAnt mark on Commons
Computer/Programming/Php/index.svg,technology/computer/programming/php,Php,Programming,replaced,Simple Icons,https://github.com/simple-icons/simple-icons/blob/15.0.0/icons/php.svg,https://cdn.jsdelivr.net/npm/simple-icons@15/icons/php.svg,Simple Icons contributors,CC0 1.0,https://creativecommons.org/publicdomain/zero/1.0/,no,Trademark of the respective brand; used here for identification,https://php.net/download-logos.php,
Computer/Programming/Powershell/index.jpg,technology/computer/programming/powershell,Powershell,Programming,replaced,Wikimedia Commons,https://commons.wikimedia.org/wiki/File%3APowerShell_5.0_icon.png,https://upload.wikimedia.org/wikipedia/commons/2/2f/PowerShell_5.0_icon.png?utm_source=commons.wikimedia.org&utm_campaign=imageinfo&utm_content=original,Microsoft,Public domain,,no,,,
Computer/Programming/Python/index.svg,technology/computer/programming/python,Python,Programming,replaced,Simple Icons,https://github.com/simple-icons/simple-icons/blob/15.0.0/icons/python.svg,https://cdn.jsdelivr.net/npm/simple-icons@15/icons/python.svg,Simple Icons contributors,CC0 1.0,https://creativecommons.org/publicdomain/zero/1.0/,no,Trademark of the respective brand; used here for identification,https://www.python.org/community/logos/,
Computer/Programming/R/index.svg,technology/computer/programming/r,R,Programming,replaced,Simple Icons,https://github.com/simple-icons/simple-icons/blob/15.0.0/icons/r.svg,https://cdn.jsdelivr.net/npm/simple-icons@15/icons/r.svg,Simple Icons contributors,CC0 1.0,https://creativecommons.org/publicdomain/zero/1.0/,no,Trademark of the respective brand; used here for identification,https://www.r-project.org/logo/,
Computer/Programming/Regex/index.svg,technology/computer/programming/regex,Regex,Programming,replaced,Wikimedia Commons,https://commons.wikimedia.org/wiki/File%3AOOjs_UI_icon_regular-expression-invert.svg,https://upload.wikimedia.org/wikipedia/commons/f/f7/OOjs_UI_icon_regular-expression-invert.svg?utm_source=commons.wikimedia.org&utm_campaign=imageinfo&utm_content=original,https://phabricator.wikimedia.org/diffusion/GOJU/browse/master/AUTHORS.txt,MIT,http://opensource.org/licenses/mit-license.php,yes,,,
Computer/Programming/Servlet/index.svg,technology/computer/programming/servlet,Servlet,Programming,replaced,Wikimedia Commons,https://commons.wikimedia.org/wiki/File%3ALogo_Bionicon.svg,https://upload.wikimedia.org/wikipedia/commons/2/22/Logo_Bionicon.svg?utm_source=commons.wikimedia.org&utm_campaign=imageinfo&utm_content=original,Unknown author,Public domain,,no,,,
Computer/Programming/Spring_boot/index.svg,technology/computer/programming/spring_boot,Spring boot,Programming,replaced,Simple Icons,https://github.com/simple-icons/simple-icons/blob/15.0.0/icons/springboot.svg,https://cdn.jsdelivr.net/npm/simple-icons@15/icons/springboot.svg,Simple Icons contributors,CC0 1.0,https://creativecommons.org/publicdomain/zero/1.0/,no,Trademark of the respective brand; used here for identification,https://spring.io/projects,
Computer/Programming/Sql/index.svg,technology/computer/programming/sql,Sql,Programming,replaced,Wikimedia Commons,https://commons.wikimedia.org/wiki/File%3AAzure_SQL_cloud_icon.svg,https://upload.wikimedia.org/wikipedia/commons/0/03/Azure_SQL_cloud_icon.svg?utm_source=commons.wikimedia.org&utm_campaign=imageinfo&utm_content=original,Microsoft,Public domain,,no,,,
Computer/Programming/Typescript/index.svg,technology/computer/programming/typescript,Typescript,Programming,replaced,Simple Icons,https://github.com/simple-icons/simple-icons/blob/15.0.0/icons/typescript.svg,https://cdn.jsdelivr.net/npm/simple-icons@15/icons/typescript.svg,Simple Icons contributors,CC0 1.0,https://creativecommons.org/publicdomain/zero/1.0/,no,Trademark of the respective brand; used here for identification,https://www.typescriptlang.org/branding,
Computer/Programming/Vb_script/index.svg,technology/computer/programming/vb_script,Vb script,Programming,replaced,Wikimedia Commons,https://commons.wikimedia.org/wiki/File%3AHist.Logo_VB_Waren_1910.svg,https://upload.wikimedia.org/wikipedia/commons/d/d9/Hist.Logo_VB_Waren_1910.svg?utm_source=commons.wikimedia.org&utm_campaign=imageinfo&utm_content=original,Unknown author,Public domain,,no,,,
Computer/Programming/Versioning/index.svg,technology/computer/programming/versioning,Versioning,Programming,replaced,Simple Icons,https://github.com/simple-icons/simple-icons/blob/15.0.0/icons/git.svg,https://cdn.jsdelivr.net/npm/simple-icons@15/icons/git.svg,Simple Icons contributors,CC0 1.0,https://creativecommons.org/publicdomain/zero/1.0/,no,Trademark of the respective brand; used here for identification,https://git-scm.com/downloads/logos,
Computer/Programming/Visual_cpp/index.svg,technology/computer/programming/visual_cpp,Visual cpp,Programming,replaced,Wikimedia Commons,https://commons.wikimedia.org/wiki/File%3AC_Sharp_Logo_2023.svg,https://upload.wikimedia.org/wikipedia/commons/d/d2/C_Sharp_Logo_2023.svg?utm_source=commons.wikimedia.org&utm_campaign=imageinfo&utm_content=original,Microsoft,Public domain,,no,,,
Computer/Programming/Visual_studio/index.svg,technology/computer/programming/visual_studio,Visual studio,Programming,replaced,Wikimedia Commons,https://commons.wikimedia.org/wiki/File%3AVisual_Studio_Logo_%282013-2017%29.svg,https://upload.wikimedia.org/wikipedia/commons/5/5f/Visual_Studio_Logo_%282013-2017%29.svg?utm_source=commons.wikimedia.org&utm_campaign=imageinfo&utm_content=original,Cronoxyd,CC BY-SA 3.0,https://creativecommons.org/licenses/by-sa/3.0,yes,,,
Computer/Programming/Winapi/index.svg,technology/computer/programming/winapi,Winapi,Programming,replaced,Wikimedia Commons,https://commons.wikimedia.org/wiki/File%3AWindows_logo_-_2021.svg,https://upload.wikimedia.org/wikipedia/commons/8/87/Windows_logo_-_2021.svg?utm_source=commons.wikimedia.org&utm_campaign=imageinfo&utm_content=original,OAOV,Public domain,,no,,,
Computer/Programming/Wix/index.svg,technology/computer/programming/wix,Wix,Programming,replaced,Simple Icons,https://github.com/simple-icons/simple-icons/blob/15.22.0/icons/xml.svg,https://raw.githubusercontent.com/simple-icons/simple-icons/15.22.0/icons/xml.svg,Simple Icons contributors,CC0 1.0,https://creativecommons.org/publicdomain/zero/1.0/,no,Trademark of the respective brand; used here for identification,https://www.w3.org/Icons/XML,"stand-in: XML mark; WiX Toolset notes, not Wix.com. No clearly licensed WiX Toolset logo found"
Computer/Programming/Xml/index.svg,technology/computer/programming/xml,Xml,Programming,replaced,Simple Icons,https://github.com/simple-icons/simple-icons/blob/15.0.0/icons/xml.svg,https://cdn.jsdelivr.net/npm/simple-icons@15/icons/xml.svg,Simple Icons contributors,CC0 1.0,https://creativecommons.org/publicdomain/zero/1.0/,no,Trademark of the respective brand; used here for identification,https://www.w3.org/Icons/XML,
Technology/technology/computer/index.jpg,technology/computer,Technology,Technology,replaced,Pexels,https://www.pexels.com/photo/20081489/,https://images.pexels.com/photos/20081489/pexels-photo-20081489.jpeg,Nuno Magalhães,Pexels License,https://www.pexels.com/license/,no,,,matched to Original/pexels-nuno-magalhaes-1241549-20081489.jpg
Technology/technology/computer/Cap_theorem/index.svg,technology/technology/computer/cap_theorem,Cap theorem,Technology,replaced,Wikimedia Commons,https://commons.wikimedia.org/wiki/File%3ACAP_Theorem.svg,https://upload.wikimedia.org/wikipedia/commons/b/be/CAP_Theorem.svg?utm_source=commons.wikimedia.org&utm_campaign=imageinfo&utm_content=original,Mooond,CC BY-SA 4.0,https://creativecommons.org/licenses/by-sa/4.0,yes,,,
Technology/technology/computer/Digital_certificate/index.svg,technology/technology/computer/digital_certificate,Digital certificate,Technology,replaced,Wikimedia Commons,https://commons.wikimedia.org/wiki/File%3APadlock.svg,https://upload.wikimedia.org/wikipedia/commons/5/59/Padlock.svg?utm_source=commons.wikimedia.org&utm_campaign=imageinfo&utm_content=original,AJ Ashton,CC0,http://creativecommons.org/publicdomain/zero/1.0/deed.en,no,,,
Technology/technology/computer/Email/index.svg,technology/technology/computer/email,Email,Technology,replaced,Wikimedia Commons,https://commons.wikimedia.org/wiki/File%3AMail_%28iOS%29.svg,https://upload.wikimedia.org/wikipedia/commons/4/4e/Mail_%28iOS%29.svg?utm_source=commons.wikimedia.org&utm_campaign=imageinfo&utm_content=original,Apple Inc.,Public domain,,no,,,
Technology/technology/computer/Hardware/index.svg,technology/technology/computer/hardware,Hardware,Technology,replaced,Wikimedia Commons,https://commons.wikimedia.org/wiki/File%3AUnited_Hardware%2C_Home_of_Hardware_Hank_logo.svg,https://upload.wikimedia.org/wikipedia/commons/a/a5/United_Hardware%2C_Home_of_Hardware_Hank_logo.svg?utm_source=commons.wikimedia.org&utm_campaign=imageinfo&utm_content=original,United Hardware,Public domain,,no,,,
Technology/technology/computer/License/index.svg,technology/technology/computer/license,License,Technology,replaced,Wikimedia Commons,https://commons.wikimedia.org/wiki/File%3ACC-logo.svg,https://upload.wikimedia.org/wikipedia/commons/8/86/CC-logo.svg?utm_source=commons.wikimedia.org&utm_campaign=imageinfo&utm_content=original,Creative Commons,Public domain,,no,,,
Technology/technology/computer/Llm/index.svg,technology/technology/computer/llm,Llm,Technology,replaced,Wikimedia Commons,https://commons.wikimedia.org/wiki/File%3AArtificial_neural_network.svg,https://upload.wikimedia.org/wikipedia/commons/e/e4/Artificial_neural_network.svg?utm_source=commons.wikimedia.org&utm_campaign=imageinfo&utm_content=original,en:User:Cburnett,CC BY-SA 3.0,http://creativecommons.org/licenses/by-sa/3.0/,yes,,,
Technology/technology/computer/Artificial_Intelligence/index.jpg,technology/technology/computer/artificial_intelligence,Artificial Intelligence,Technology,replaced,Pexels,https://www.pexels.com/photo/robot-pointing-on-a-wall-8386440/,https://images.pexels.com/photos/8386440/pexels-photo-8386440.jpeg,Tara Winstead,Pexels License,https://www.pexels.com/license/,no,,,
Technology/technology/computer/Artificial_Intelligence/Machine_learning/index.jpg,technology/technology/computer/artificial_intelligence/machine_learning,Machine learning,Technology,replaced,Pexels,https://www.pexels.com/photo/woman-in-white-shirt-playing-chess-against-a-robot-8438951/,https://images.pexels.com/photos/8438951/pexels-photo-8438951.jpeg,Pavel Danilyuk,Pexels License,https://www.pexels.com/license/,no,,,
Technology/technology/computer/Nfc/index.svg,technology/technology/computer/nfc,Nfc,Technology,replaced,Wikimedia Commons,https://commons.wikimedia.org/wiki/File%3ANFC_logo.svg,https://upload.wikimedia.org/wikipedia/commons/7/75/NFC_logo.svg?utm_source=commons.wikimedia.org&utm_campaign=imageinfo&utm_content=original,Eg0rk0t323,Public domain,,no,,,
Technology/technology/computer/Proxy/index.svg,technology/technology/computer/proxy,Proxy,Technology,replaced,Wikimedia Commons,https://commons.wikimedia.org/wiki/File%3AProxy_concept_en.svg,https://upload.wikimedia.org/wikipedia/commons/b/bb/Proxy_concept_en.svg?utm_source=commons.wikimedia.org&utm_campaign=imageinfo&utm_content=original,H2g2bob,CC0,http://creativecommons.org/publicdomain/zero/1.0/deed.en,no,,,
Technology/technology/computer/Rss/index.svg,technology/technology/computer/rss,Rss,Technology,replaced,Wikimedia Commons,https://commons.wikimedia.org/wiki/File%3AFeed-icon.svg,https://upload.wikimedia.org/wikipedia/commons/4/43/Feed-icon.svg?utm_source=commons.wikimedia.org&utm_campaign=imageinfo&utm_content=original,unnamed (Mozilla Foundation),MPL 1.1,https://www.mozilla.org/MPL/1.1/,yes,,,
Computer/Program/Adobe_illustrator/Notes/index.svg,technology/computer/program/adobe_illustrator/notes,Notes,Program,replaced,Ujnotes,,,Ujnotes,CC0 1.0,https://creativecommons.org/publicdomain/zero/1.0/,no,,,generic notes icon
Computer/Program/Amd_crimson/Notes/index.svg,technology/computer/program/amd_crimson/notes,Notes,Program,replaced,Ujnotes,,,Ujnotes,CC0 1.0,https://creativecommons.org/publicdomain/zero/1.0/,no,,,generic notes icon
Computer/Program/Apache_httpd/Ubuntu/index.svg,technology/computer/program/apache_httpd/ubuntu,Ubuntu,Program,replaced,Simple Icons,https://github.com/simple-icons/simple-icons/blob/15.0.0/icons/ubuntu.svg,https://cdn.jsdelivr.net/npm/simple-icons@15/icons/ubuntu.svg,Simple Icons contributors,CC0 1.0,https://creativecommons.org/publicdomain/zero/1.0/,no,Trademark of the respective brand; used here for identification,https://design.ubuntu.com/resources,nested last-child logo
Computer/Program/Apache_maven/Notes/index.svg,technology/computer/program/apache_maven/notes,Notes,Program,replaced,Ujnotes,,,Ujnotes,CC0 1.0,https://creativecommons.org/publicdomain/zero/1.0/,no,,,generic notes icon
Computer/Program/Apache_tomcat/Notes/index.svg,technology/computer/program/apache_tomcat/notes,Notes,Program,replaced,Ujnotes,,,Ujnotes,CC0 1.0,https://creativecommons.org/publicdomain/zero/1.0/,no,,,generic notes icon
Computer/Program/Apache_tomcat/Ssl/notes/index.svg,technology/computer/program/apache_tomcat/ssl/notes,Notes,Program,replaced,Ujnotes,,,Ujnotes,CC0 1.0,https://creativecommons.org/publicdomain/zero/1.0/,no,,,generic notes icon
Computer/Program/Apache_tomcat/Ubuntu/index.svg,technology/computer/program/apache_tomcat/ubuntu,Ubuntu,Program,replaced,Simple Icons,https://github.com/simple-icons/simple-icons/blob/15.0.0/icons/ubuntu.svg,https://cdn.jsdelivr.net/npm/simple-icons@15/icons/ubuntu.svg,Simple Icons contributors,CC0 1.0,https://creativecommons.org/publicdomain/zero/1.0/,no,Trademark of the respective brand; used here for identification,https://design.ubuntu.com/resources,nested last-child logo
Computer/Program/Appium/eclipse/index.svg,technology/computer/program/appium/eclipse,Eclipse,Program,replaced,Simple Icons,https://github.com/simple-icons/simple-icons/blob/15.0.0/icons/eclipseide.svg,https://cdn.jsdelivr.net/npm/simple-icons@15/icons/eclipseide.svg,Simple Icons contributors,CC0 1.0,https://creativecommons.org/publicdomain/zero/1.0/,no,Trademark of the respective brand; used here for identification,https://www.eclipse.org/artwork/,nested last-child logo
Computer/Program/Atom/Notes/index.svg,technology/computer/program/atom/notes,Notes,Program,replaced,Ujnotes,,,Ujnotes,CC0 1.0,https://creativecommons.org/publicdomain/zero/1.0/,no,,,generic notes icon
Computer/Program/Blender/Notes/index.svg,technology/computer/program/blender/notes,Notes,Program,replaced,Ujnotes,,,Ujnotes,CC0 1.0,https://creativecommons.org/publicdomain/zero/1.0/,no,,,generic notes icon
Computer/Program/Certbot/Notes/index.svg,technology/computer/program/certbot/notes,Notes,Program,replaced,Ujnotes,,,Ujnotes,CC0 1.0,https://creativecommons.org/publicdomain/zero/1.0/,no,,,generic notes icon
Computer/Program/Cvs/Notes/index.svg,technology/computer/program/cvs/notes,Notes,Program,replaced,Ujnotes,,,Ujnotes,CC0 1.0,https://creativecommons.org/publicdomain/zero/1.0/,no,,,generic notes icon
Computer/Program/Docker/Notes/index.svg,technology/computer/program/docker/notes,Notes,Program,replaced,Ujnotes,,,Ujnotes,CC0 1.0,https://creativecommons.org/publicdomain/zero/1.0/,no,,,generic notes icon
Computer/Program/Filezilla_client/Notes/index.svg,technology/computer/program/filezilla_client/notes,Notes,Program,replaced,Ujnotes,,,Ujnotes,CC0 1.0,https://creativecommons.org/publicdomain/zero/1.0/,no,,,generic notes icon
Computer/Program/Firebase/Email/index.svg,technology/computer/program/firebase/email,Email,Program,replaced,Simple Icons,https://github.com/simple-icons/simple-icons/blob/15.0.0/icons/maildotru.svg,https://cdn.jsdelivr.net/npm/simple-icons@15/icons/maildotru.svg,Simple Icons contributors,CC0 1.0,https://creativecommons.org/publicdomain/zero/1.0/,no,Trademark of the respective brand; used here for identification,https://my.mail.ru,nested last-child logo
Computer/Program/Firebase/Functions/mailgun/index.svg,technology/computer/program/firebase/functions/mailgun,Mailgun,Program,replaced,Simple Icons,https://github.com/simple-icons/simple-icons/blob/15.0.0/icons/mailgun.svg,https://cdn.jsdelivr.net/npm/simple-icons@15/icons/mailgun.svg,Simple Icons contributors,CC0 1.0,https://creativecommons.org/publicdomain/zero/1.0/,no,Trademark of the respective brand; used here for identification,https://mailgun.com,nested last-child logo
Computer/Program/Git/Bitbucket/index.svg,technology/computer/program/git/bitbucket,BitBucket,Program,replaced,Simple Icons,https://github.com/simple-icons/simple-icons/blob/15.0.0/icons/bitbucket.svg,https://cdn.jsdelivr.net/npm/simple-icons@15/icons/bitbucket.svg,Simple Icons contributors,CC0 1.0,https://creativecommons.org/publicdomain/zero/1.0/,no,Trademark of the respective brand; used here for identification,https://atlassian.design/resources/logo-library,nested last-child logo
Computer/Program/Git/Notes/index.svg,technology/computer/program/git/notes,Notes,Program,replaced,Ujnotes,,,Ujnotes,CC0 1.0,https://creativecommons.org/publicdomain/zero/1.0/,no,,,generic notes icon
Computer/Program/Gmail/Notes/index.svg,technology/computer/program/gmail/notes,Notes,Program,replaced,Ujnotes,,,Ujnotes,CC0 1.0,https://creativecommons.org/publicdomain/zero/1.0/,no,,,generic notes icon
Computer/Program/Google_analytics/Notes/index.svg,technology/computer/program/google_analytics/notes,Notes,Program,replaced,Ujnotes,,,Ujnotes,CC0 1.0,https://creativecommons.org/publicdomain/zero/1.0/,no,,,generic notes icon
Computer/Program/Google_chrome/Inspect/notes/index.svg,technology/computer/program/google_chrome/inspect/notes,Notes,Program,replaced,Ujnotes,,,Ujnotes,CC0 1.0,https://creativecommons.org/publicdomain/zero/1.0/,no,,,generic notes icon
Computer/Program/Google_cloud/Functions/notes/index.svg,technology/computer/program/google_cloud/functions/notes,Notes,Program,replaced,Ujnotes,,,Ujnotes,CC0 1.0,https://creativecommons.org/publicdomain/zero/1.0/,no,,,generic notes icon
Computer/Program/Google_drive/Spreadsheet/notes/index.svg,technology/computer/program/google_drive/spreadsheet/notes,Notes,Program,replaced,Ujnotes,,,Ujnotes,CC0 1.0,https://creativecommons.org/publicdomain/zero/1.0/,no,,,generic notes icon
Computer/Program/Google_maps/Notes/index.svg,technology/computer/program/google_maps/notes,Notes,Program,replaced,Ujnotes,,,Ujnotes,CC0 1.0,https://creativecommons.org/publicdomain/zero/1.0/,no,,,generic notes icon
Computer/Program/Google_search/Notes/index.svg,technology/computer/program/google_search/notes,Notes,Program,replaced,Ujnotes,,,Ujnotes,CC0 1.0,https://creativecommons.org/publicdomain/zero/1.0/,no,,,generic notes icon
Computer/Program/Google_translate/Web_plugin/notes/index.svg,technology/computer/program/google_translate/web_plugin/notes,Notes,Program,replaced,Ujnotes,,,Ujnotes,CC0 1.0,https://creativecommons.org/publicdomain/zero/1.0/,no,,,generic notes icon
Computer/Program/Gscript/Notes/index.svg,technology/computer/program/gscript/notes,Notes,Program,replaced,Ujnotes,,,Ujnotes,CC0 1.0,https://creativecommons.org/publicdomain/zero/1.0/,no,,,generic notes icon
Computer/Program/Inkscape/Notes/index.svg,technology/computer/program/inkscape/notes,Notes,Program,replaced,Ujnotes,,,Ujnotes,CC0 1.0,https://creativecommons.org/publicdomain/zero/1.0/,no,,,generic notes icon
Computer/Program/Keytool/notes/index.svg,technology/computer/program/keytool/notes,Notes,Program,replaced,Ujnotes,,,Ujnotes,CC0 1.0,https://creativecommons.org/publicdomain/zero/1.0/,no,,,generic notes icon
Computer/Program/Mermaid/Notes/index.svg,technology/computer/program/mermaid/notes,Notes,Program,replaced,Ujnotes,,,Ujnotes,CC0 1.0,https://creativecommons.org/publicdomain/zero/1.0/,no,,,generic notes icon
Computer/Program/Microsoft_sql_server/Notes/index.svg,technology/computer/program/microsoft_sql_server/notes,Notes,Program,replaced,Ujnotes,,,Ujnotes,CC0 1.0,https://creativecommons.org/publicdomain/zero/1.0/,no,,,generic notes icon
Computer/Program/Mysql/Notes/index.svg,technology/computer/program/mysql/notes,Notes,Program,replaced,Ujnotes,,,Ujnotes,CC0 1.0,https://creativecommons.org/publicdomain/zero/1.0/,no,,,generic notes icon
Computer/Program/Nextjs/Notes/index.svg,technology/computer/program/nextjs/notes,Notes,Program,replaced,Ujnotes,,,Ujnotes,CC0 1.0,https://creativecommons.org/publicdomain/zero/1.0/,no,,,generic notes icon
Computer/Program/Nodejs/Notes/index.svg,technology/computer/program/nodejs/notes,Notes,Program,replaced,Ujnotes,,,Ujnotes,CC0 1.0,https://creativecommons.org/publicdomain/zero/1.0/,no,,,generic notes icon
Computer/Program/Openssl/Notes/index.svg,technology/computer/program/openssl/notes,Notes,Program,replaced,Ujnotes,,,Ujnotes,CC0 1.0,https://creativecommons.org/publicdomain/zero/1.0/,no,,,generic notes icon
Computer/Program/Php/Apache_httpd/index.svg,technology/computer/program/php/apache_httpd,Apache HTTPD,Program,replaced,Simple Icons,https://github.com/simple-icons/simple-icons/blob/15.0.0/icons/apache.svg,https://cdn.jsdelivr.net/npm/simple-icons@15/icons/apache.svg,Simple Icons contributors,CC0 1.0,https://creativecommons.org/publicdomain/zero/1.0/,no,Trademark of the respective brand; used here for identification,https://www.apache.org/foundation/press/kit,nested last-child logo
Computer/Program/Pipefy/notes/index.svg,technology/computer/program/pipefy/notes,Notes,Program,replaced,Ujnotes,,,Ujnotes,CC0 1.0,https://creativecommons.org/publicdomain/zero/1.0/,no,,,generic notes icon
Computer/Program/Postgresql/Notes/index.svg,technology/computer/program/postgresql/notes,Notes,Program,replaced,Ujnotes,,,Ujnotes,CC0 1.0,https://creativecommons.org/publicdomain/zero/1.0/,no,,,generic notes icon
Computer/Program/Reshade/notes/index.svg,technology/computer/program/reshade/notes,Notes,Program,replaced,Ujnotes,,,Ujnotes,CC0 1.0,https://creativecommons.org/publicdomain/zero/1.0/,no,,,generic notes icon
Computer/Program/Sed/Notes/index.svg,technology/computer/program/sed/notes,Notes,Program,replaced,Ujnotes,,,Ujnotes,CC0 1.0,https://creativecommons.org/publicdomain/zero/1.0/,no,,,generic notes icon
Computer/Program/Selenium/Notes/index.svg,technology/computer/program/selenium/notes,Notes,Program,replaced,Ujnotes,,,Ujnotes,CC0 1.0,https://creativecommons.org/publicdomain/zero/1.0/,no,,,generic notes icon
Computer/Program/Sentry/notes/index.svg,technology/computer/program/sentry/notes,Notes,Program,replaced,Ujnotes,,,Ujnotes,CC0 1.0,https://creativecommons.org/publicdomain/zero/1.0/,no,,,generic notes icon
Computer/Program/Spring_boot/Notes/index.svg,technology/computer/program/spring_boot/notes,Notes,Program,replaced,Ujnotes,,,Ujnotes,CC0 1.0,https://creativecommons.org/publicdomain/zero/1.0/,no,,,generic notes icon
Computer/Program/Vi/Vi/index.svg,technology/computer/program/vi/vi,VI,Program,replaced,Simple Icons,https://github.com/simple-icons/simple-icons/blob/15.0.0/icons/vim.svg,https://cdn.jsdelivr.net/npm/simple-icons@15/icons/vim.svg,Simple Icons contributors,CC0 1.0,https://creativecommons.org/publicdomain/zero/1.0/,no,Trademark of the respective brand; used here for identification,https://commons.wikimedia.org/wiki/File:Vimlogo.svg,nested last-child logo
Computer/Program/Virtualbox/Notes/index.svg,technology/computer/program/virtualbox/notes,Notes,Program,replaced,Ujnotes,,,Ujnotes,CC0 1.0,https://creativecommons.org/publicdomain/zero/1.0/,no,,,generic notes icon
Computer/Program/Vs_code/Notes/index.svg,technology/computer/program/vs_code/notes,Notes,Program,replaced,Ujnotes,,,Ujnotes,CC0 1.0,https://creativecommons.org/publicdomain/zero/1.0/,no,,,generic notes icon
Computer/Program/Vulkan/Notes/index.svg,technology/computer/program/vulkan/notes,Notes,Program,replaced,Ujnotes,,,Ujnotes,CC0 1.0,https://creativecommons.org/publicdomain/zero/1.0/,no,,,generic notes icon
Computer/Program/Wget/Notes/index.svg,technology/computer/program/wget/notes,Notes,Program,replaced,Ujnotes,,,Ujnotes,CC0 1.0,https://creativecommons.org/publicdomain/zero/1.0/,no,,,generic notes icon
Computer/Program/Windows_terminal/Notes/index.svg,technology/computer/program/windows_terminal/notes,Notes,Program,replaced,Ujnotes,,,Ujnotes,CC0 1.0,https://creativecommons.org/publicdomain/zero/1.0/,no,,,generic notes icon
Computer/Program/Wordpress/Git/index.svg,technology/computer/program/wordpress/git,git,Program,replaced,Simple Icons,https://github.com/simple-icons/simple-icons/blob/15.0.0/icons/git.svg,https://cdn.jsdelivr.net/npm/simple-icons@15/icons/git.svg,Simple Icons contributors,CC0 1.0,https://creativecommons.org/publicdomain/zero/1.0/,no,Trademark of the respective brand; used here for identification,https://git-scm.com/downloads/logos,nested last-child logo
Computer/Program/Youtube/Notes/index.svg,technology/computer/program/youtube/notes,Notes,Program,replaced,Ujnotes,,,Ujnotes,CC0 1.0,https://creativecommons.org/publicdomain/zero/1.0/,no,,,generic notes icon
Computer/Program/Zbrush/Ipad/notes/index.svg,technology/computer/program/zbrush/ipad/notes,Notes,Program,replaced,Ujnotes,,,Ujnotes,CC0 1.0,https://creativecommons.org/publicdomain/zero/1.0/,no,,,generic notes icon
Computer/Programming/Android/Build_flavours/notes/index.svg,technology/computer/programming/android/build_flavours/notes,Notes,Programming,replaced,Ujnotes,,,Ujnotes,CC0 1.0,https://creativecommons.org/publicdomain/zero/1.0/,no,,,generic notes icon
Computer/Programming/Android/Gui/notes/index.svg,technology/computer/programming/android/gui/notes,Notes,Programming,replaced,Ujnotes,,,Ujnotes,CC0 1.0,https://creativecommons.org/publicdomain/zero/1.0/,no,,,generic notes icon
Computer/Programming/Angular/Notes/index.svg,technology/computer/programming/angular/notes,Notes,Programming,replaced,Ujnotes,,,Ujnotes,CC0 1.0,https://creativecommons.org/publicdomain/zero/1.0/,no,,,generic notes icon
Computer/Programming/Awk/Notes/index.svg,technology/computer/programming/awk/notes,Notes,Programming,replaced,Ujnotes,,,Ujnotes,CC0 1.0,https://creativecommons.org/publicdomain/zero/1.0/,no,,,generic notes icon
Computer/Programming/Batch/notes/index.svg,technology/computer/programming/batch/notes,Notes,Programming,replaced,Ujnotes,,,Ujnotes,CC0 1.0,https://creativecommons.org/publicdomain/zero/1.0/,no,,,generic notes icon
Computer/Programming/Css/Notes/index.svg,technology/computer/programming/css/notes,Notes,Programming,replaced,Ujnotes,,,Ujnotes,CC0 1.0,https://creativecommons.org/publicdomain/zero/1.0/,no,,,generic notes icon
Computer/Programming/Google_api/Places/notes/index.svg,technology/computer/programming/google_api/places/notes,Notes,Programming,replaced,Ujnotes,,,Ujnotes,CC0 1.0,https://creativecommons.org/publicdomain/zero/1.0/,no,,,generic notes icon
Computer/Programming/Google_cloud_platform_functions/Notes/index.svg,technology/computer/programming/google_cloud_platform_functions/notes,Notes,Programming,replaced,Ujnotes,,,Ujnotes,CC0 1.0,https://creativecommons.org/publicdomain/zero/1.0/,no,,,generic notes icon
Computer/Programming/Grails/notes/index.svg,technology/computer/programming/grails/notes,Notes,Programming,replaced,Ujnotes,,,Ujnotes,CC0 1.0,https://creativecommons.org/publicdomain/zero/1.0/,no,,,generic notes icon
Computer/Programming/Groovy/Notes/index.svg,technology/computer/programming/groovy/notes,Notes,Programming,replaced,Ujnotes,,,Ujnotes,CC0 1.0,https://creativecommons.org/publicdomain/zero/1.0/,no,,,generic notes icon
Computer/Programming/Html/Html/index.svg,technology/computer/programming/html/html,HTML,Programming,replaced,Simple Icons,https://github.com/simple-icons/simple-icons/blob/15.0.0/icons/html5.svg,https://cdn.jsdelivr.net/npm/simple-icons@15/icons/html5.svg,Simple Icons contributors,CC0 1.0,https://creativecommons.org/publicdomain/zero/1.0/,no,Trademark of the respective brand; used here for identification,https://www.w3.org/html/logo/,nested last-child logo
Computer/Programming/Java/Notes/index.svg,technology/computer/programming/java/notes,Notes,Programming,replaced,Ujnotes,,,Ujnotes,CC0 1.0,https://creativecommons.org/publicdomain/zero/1.0/,no,,,generic notes icon
Computer/Programming/Javascript/Notes/index.svg,technology/computer/programming/javascript/notes,Notes,Programming,replaced,Ujnotes,,,Ujnotes,CC0 1.0,https://creativecommons.org/publicdomain/zero/1.0/,no,,,generic notes icon
Computer/Programming/Json/Notes/index.svg,technology/computer/programming/json/notes,Notes,Programming,replaced,Ujnotes,,,Ujnotes,CC0 1.0,https://creativecommons.org/publicdomain/zero/1.0/,no,,,generic notes icon
Computer/Programming/Jsp/Notes/index.svg,technology/computer/programming/jsp/notes,Notes,Programming,replaced,Ujnotes,,,Ujnotes,CC0 1.0,https://creativecommons.org/publicdomain/zero/1.0/,no,,,generic notes icon
Computer/Programming/Latex/Notes/index.svg,technology/computer/programming/latex/notes,Notes,Programming,replaced,Ujnotes,,,Ujnotes,CC0 1.0,https://creativecommons.org/publicdomain/zero/1.0/,no,,,generic notes icon
Computer/Programming/Nant/Notes/index.svg,technology/computer/programming/nant/notes,Notes,Programming,replaced,Ujnotes,,,Ujnotes,CC0 1.0,https://creativecommons.org/publicdomain/zero/1.0/,no,,,generic notes icon
Computer/Programming/Objective_c/notes/index.svg,technology/computer/programming/objective_c/notes,Notes,Programming,replaced,Ujnotes,,,Ujnotes,CC0 1.0,https://creativecommons.org/publicdomain/zero/1.0/,no,,,generic notes icon
Computer/Programming/Php/Laravel/index.svg,technology/computer/programming/php/laravel,Laravel,Programming,replaced,Simple Icons,https://github.com/simple-icons/simple-icons/blob/15.0.0/icons/laravel.svg,https://cdn.jsdelivr.net/npm/simple-icons@15/icons/laravel.svg,Simple Icons contributors,CC0 1.0,https://creativecommons.org/publicdomain/zero/1.0/,no,Trademark of the respective brand; used here for identification,https://github.com/laravel/art/tree/5a8325b064634b900f25dbb6f1cafd888b2d2211,nested last-child logo
Computer/Programming/Php/Php/index.svg,technology/computer/programming/php/php,PHP,Programming,replaced,Simple Icons,https://github.com/simple-icons/simple-icons/blob/15.0.0/icons/php.svg,https://cdn.jsdelivr.net/npm/simple-icons@15/icons/php.svg,Simple Icons contributors,CC0 1.0,https://creativecommons.org/publicdomain/zero/1.0/,no,Trademark of the respective brand; used here for identification,https://php.net/download-logos.php,nested last-child logo
Computer/Programming/Powershell/Notes/index.svg,technology/computer/programming/powershell/notes,Notes,Programming,replaced,Ujnotes,,,Ujnotes,CC0 1.0,https://creativecommons.org/publicdomain/zero/1.0/,no,,,generic notes icon
Computer/Programming/R/Notes/index.svg,technology/computer/programming/r/notes,Notes,Programming,replaced,Ujnotes,,,Ujnotes,CC0 1.0,https://creativecommons.org/publicdomain/zero/1.0/,no,,,generic notes icon
Computer/Programming/Regex/Notes/index.svg,technology/computer/programming/regex/notes,Notes,Programming,replaced,Ujnotes,,,Ujnotes,CC0 1.0,https://creativecommons.org/publicdomain/zero/1.0/,no,,,generic notes icon
Computer/Programming/Servlet/Notes/index.svg,technology/computer/programming/servlet/notes,Notes,Programming,replaced,Ujnotes,,,Ujnotes,CC0 1.0,https://creativecommons.org/publicdomain/zero/1.0/,no,,,generic notes icon
Computer/Programming/Spring_boot/Notes/index.svg,technology/computer/programming/spring_boot/notes,Notes,Programming,replaced,Ujnotes,,,Ujnotes,CC0 1.0,https://creativecommons.org/publicdomain/zero/1.0/,no,,,generic notes icon
Computer/Programming/Typescript/Typescript/index.svg,technology/computer/programming/typescript/typescript,TypeScript,Programming,replaced,Simple Icons,https://github.com/simple-icons/simple-icons/blob/15.0.0/icons/typescript.svg,https://cdn.jsdelivr.net/npm/simple-icons@15/icons/typescript.svg,Simple Icons contributors,CC0 1.0,https://creativecommons.org/publicdomain/zero/1.0/,no,Trademark of the respective brand; used here for identification,https://www.typescriptlang.org/branding,nested last-child logo
Computer/Programming/Vb_applications/notes/index.svg,technology/computer/programming/vb_applications/notes,Notes,Programming,replaced,Ujnotes,,,Ujnotes,CC0 1.0,https://creativecommons.org/publicdomain/zero/1.0/,no,,,generic notes icon
Computer/Programming/Vb_script/Notes/index.svg,technology/computer/programming/vb_script/notes,Notes,Programming,replaced,Ujnotes,,,Ujnotes,CC0 1.0,https://creativecommons.org/publicdomain/zero/1.0/,no,,,generic notes icon
Computer/Programming/Visual_cpp/Ide_notes/index.svg,technology/computer/programming/visual_cpp/ide_notes,IDE Notes,Programming,replaced,Ujnotes,,,Ujnotes,CC0 1.0,https://creativecommons.org/publicdomain/zero/1.0/,no,,,generic notes icon
Computer/Programming/Winapi/Notes/index.svg,technology/computer/programming/winapi/notes,Notes,Programming,replaced,Ujnotes,,,Ujnotes,CC0 1.0,https://creativecommons.org/publicdomain/zero/1.0/,no,,,generic notes icon
Computer/Programming/Wix/Notes/index.svg,technology/computer/programming/wix/notes,Notes,Programming,replaced,Ujnotes,,,Ujnotes,CC0 1.0,https://creativecommons.org/publicdomain/zero/1.0/,no,,,generic notes icon
Technology/technology/computer/Llm/Langchain/index.svg,technology/technology/computer/llm/langchain,LangChain,Technology,replaced,Simple Icons,https://github.com/simple-icons/simple-icons/blob/15.0.0/icons/langchain.svg,https://cdn.jsdelivr.net/npm/simple-icons@15/icons/langchain.svg,Simple Icons contributors,CC0 1.0,https://creativecommons.org/publicdomain/zero/1.0/,no,Trademark of the respective brand; used here for identification,https://www.langchain.com,nested last-child logo
Technology/technology/computer/Machine_learning/Notes/index.svg,technology/technology/computer/machine_learning/notes,Notes,Technology,replaced,Ujnotes,,,Ujnotes,CC0 1.0,https://creativecommons.org/publicdomain/zero/1.0/,no,,,generic notes icon
Technology/technology/computer/Software/versioning/index.svg,technology/technology/computer/software/versioning,Versioning,Technology,replaced,Simple Icons,https://github.com/simple-icons/simple-icons/blob/15.0.0/icons/git.svg,https://cdn.jsdelivr.net/npm/simple-icons@15/icons/git.svg,Simple Icons contributors,CC0 1.0,https://creativecommons.org/publicdomain/zero/1.0/,no,Trademark of the respective brand; used here for identification,https://git-scm.com/downloads/logos,nested last-child logo
Technology/technology/computer/Web/css/index.svg,technology/technology/computer/web/css,CSS,Technology,replaced,Simple Icons,https://github.com/simple-icons/simple-icons/blob/15.0.0/icons/css.svg,https://cdn.jsdelivr.net/npm/simple-icons@15/icons/css.svg,Simple Icons contributors,CC0 1.0,https://creativecommons.org/publicdomain/zero/1.0/,no,Trademark of the respective brand; used here for identification,https://github.com/CSS-Next/logo.css/blob/bacc20878227204b283c68a6b935f8279e06b0cd/css.svg,nested last-child logo
Technology/technology/computer/Web/Ssl/letsencrypt/index.svg,technology/technology/computer/web/ssl/letsencrypt,Let's Encrypt,Technology,replaced,Simple Icons,https://github.com/simple-icons/simple-icons/blob/15.0.0/icons/letsencrypt.svg,https://cdn.jsdelivr.net/npm/simple-icons@15/icons/letsencrypt.svg,Simple Icons contributors,CC0 1.0,https://creativecommons.org/publicdomain/zero/1.0/,no,Trademark of the respective brand; used here for identification,https://letsencrypt.org/trademarks/,nested last-child logo
Computer/OS/Android/Adb/notes/index.svg,technology/computer/os/android/adb/notes,ADB notes,Os,replaced,Ujnotes,,,Ujnotes,CC0 1.0,https://creativecommons.org/publicdomain/zero/1.0/,no,,,generic notes icon
Computer/OS/Android/Android/index.svg,technology/computer/os/android/android,Android,Os,replaced,Simple Icons,https://github.com/simple-icons/simple-icons/blob/15.0.0/icons/android.svg,https://cdn.jsdelivr.net/npm/simple-icons@15/icons/android.svg,Simple Icons contributors,CC0 1.0,https://creativecommons.org/publicdomain/zero/1.0/,no,Trademark of the respective brand; used here for identification,https://partnermarketinghub.withgoogle.com/brands/android/visual-identity/visual-identity/logo-lock-ups,nested last-child logo
Computer/OS/Android/Notes/index.svg,technology/computer/os/android/notes,Android notes,Os,replaced,Ujnotes,,,Ujnotes,CC0 1.0,https://creativecommons.org/publicdomain/zero/1.0/,no,,,generic notes icon
Computer/OS/Ios/Notes/index.svg,technology/computer/os/ios/notes,Hidden files,Os,replaced,Ujnotes,,,Ujnotes,CC0 1.0,https://creativecommons.org/publicdomain/zero/1.0/,no,,,generic notes icon
Computer/OS/Nix/Sh/notes/index.svg,technology/computer/os/nix/sh/notes,Notes,Os,replaced,Ujnotes,,,Ujnotes,CC0 1.0,https://creativecommons.org/publicdomain/zero/1.0/,no,,,generic notes icon
Computer/OS/Nix/Ubuntu/notes/index.svg,technology/computer/os/nix/ubuntu/notes,Notes,Os,replaced,Ujnotes,,,Ujnotes,CC0 1.0,https://creativecommons.org/publicdomain/zero/1.0/,no,,,generic notes icon
Computer/OS/Nix/Ubuntu/index.svg,technology/computer/os/nix/ubuntu,Ubuntu,Os,replaced,Simple Icons,https://github.com/simple-icons/simple-icons/blob/15.0.0/icons/ubuntu.svg,https://cdn.jsdelivr.net/npm/simple-icons@15/icons/ubuntu.svg,Simple Icons contributors,CC0 1.0,https://creativecommons.org/publicdomain/zero/1.0/,no,Trademark of the respective brand; used here for identification,https://design.ubuntu.com/resources,nested last-child logo
Computer/OS/Nix/Yum/notes/index.svg,technology/computer/os/nix/yum/notes,Notes,Os,replaced,Ujnotes,,,Ujnotes,CC0 1.0,https://creativecommons.org/publicdomain/zero/1.0/,no,,,generic notes icon
Computer/OS/Windows/Bash/notes/index.svg,technology/computer/os/windows/bash/notes,Notes,Os,replaced,Ujnotes,,,Ujnotes,CC0 1.0,https://creativecommons.org/publicdomain/zero/1.0/,no,,,generic notes icon
Computer/OS/Windows/Command_shell/notes/index.svg,technology/computer/os/windows/command_shell/notes,Notes,Os,replaced,Ujnotes,,,Ujnotes,CC0 1.0,https://creativecommons.org/publicdomain/zero/1.0/,no,,,generic notes icon
Computer/OS/Windows/N8/notes/index.svg,technology/computer/os/windows/n8/notes,Notes,Os,replaced,Ujnotes,,,Ujnotes,CC0 1.0,https://creativecommons.org/publicdomain/zero/1.0/,no,,,generic notes icon
Computer/OS/Windows/Power_management/notes/index.svg,technology/computer/os/windows/power_management/notes,Notes,Os,replaced,Ujnotes,,,Ujnotes,CC0 1.0,https://creativecommons.org/publicdomain/zero/1.0/,no,,,generic notes icon
Computer/OS/Windows/Remote_desktop/notes/index.svg,technology/computer/os/windows/remote_desktop/notes,Notes,Os,replaced,Ujnotes,,,Ujnotes,CC0 1.0,https://creativecommons.org/publicdomain/zero/1.0/,no,,,generic notes icon
Computer/OS/Windows/Server_2008/notes/index.svg,technology/computer/os/windows/server_2008/notes,Notes,Os,replaced,Ujnotes,,,Ujnotes,CC0 1.0,https://creativecommons.org/publicdomain/zero/1.0/,no,,,generic notes icon
Universe/Reality.jpg,universe/reality,Reality,Universe,replaced,Pexels,https://www.pexels.com/photo/clear-water-drops-132477/,https://images.pexels.com/photos/132477/pexels-photo-132477.jpeg,Anthony,Pexels License,https://www.pexels.com/license/,no,,,matched to Original/pexels-photo-132477.jpeg
Philosophy/Algorithm/index.jpg,philosophy/algorithm,Algorithm,Philosophy,uncredited,,,,,,,,,,added this month; not attributed to Pexels
Philosophy/Artificial-Intelligence/index.jpg,philosophy/artificial-intelligence,Artificial Intelligence,Philosophy,uncredited,,,,,,,,,,added this month; not attributed to Pexels
Philosophy/Cognition/Index.jpg,philosophy/cognition,Cognition,Philosophy,replaced,Pexels,https://www.pexels.com/,https://www.pexels.com/,Pexels,Pexels License,https://www.pexels.com/license/,yes,,,credited to Pexels for images from before August 2026
Philosophy/Consciousness/Free_will/Index.jpg,philosophy/consciousness/free_will,Free Will,Philosophy,replaced,Pexels,https://www.pexels.com/,https://www.pexels.com/,Pexels,Pexels License,https://www.pexels.com/license/,yes,,,credited to Pexels for images from before August 2026
Philosophy/Consciousness/Index.jpg,philosophy/consciousness,Consciousness,Philosophy,replaced,Pexels,https://www.pexels.com/,https://www.pexels.com/,Pexels,Pexels License,https://www.pexels.com/license/,yes,,,credited to Pexels for images from before August 2026
Philosophy/Death/Index.jpg,philosophy/death,Death,Philosophy,replaced,Pexels,https://www.pexels.com/,https://www.pexels.com/,Pexels,Pexels License,https://www.pexels.com/license/,yes,,,credited to Pexels for images from before August 2026
Philosophy/Decision/index.jpg,philosophy/decision,Decision,Philosophy,uncredited,,,,,,,,,,added this month; not attributed to Pexels
Philosophy/God/Index.jpg,philosophy/god,God,Philosophy,replaced,Pexels,https://www.pexels.com/,https://www.pexels.com/,Pexels,Pexels License,https://www.pexels.com/license/,yes,,,credited to Pexels for images from before August 2026
Philosophy/God/No_God/Index.jpg,philosophy/god/no_god,No God,Philosophy,replaced,Pexels,https://www.pexels.com/photo/clear-water-drops-132477/,https://images.pexels.com/photos/132477/pexels-photo-132477.jpeg,Anthony,Pexels License,https://www.pexels.com/license/,no,,,matched to Original/pexels-photo-132477.jpeg
Philosophy/Hindu/Advaita/Index.jpg,philosophy/hindu/advaita,Advaita,Philosophy,uncredited,,,,,,,,,,added this month; not attributed to Pexels
Philosophy/Hindu/Charvaka/Index.jpg,philosophy/hindu/charvaka,Charvaka,Philosophy,uncredited,,,,,,,,,,added this month; not attributed to Pexels
Philosophy/Hindu/Hindu_Atheist/Index.jpg,philosophy/hindu/hindu_atheist,Hindu Atheist,Philosophy,uncredited,,,,,,,,,,added this month; not attributed to Pexels
Philosophy/Hindu/Index.jpg,philosophy/hindu,Hindu,Philosophy,replaced,Pexels,https://www.pexels.com/,https://www.pexels.com/,Pexels,Pexels License,https://www.pexels.com/license/,yes,,,credited to Pexels for images from before August 2026
Philosophy/index.jpg,philosophy,Philosophy,Philosophy,replaced,Pexels,https://www.pexels.com/,https://www.pexels.com/,Pexels,Pexels License,https://www.pexels.com/license/,yes,,,credited to Pexels for images from before August 2026
Philosophy/Inference/Index.jpg,philosophy/inference,Inference,Philosophy,replaced,Pexels,https://www.pexels.com/,https://www.pexels.com/,Pexels,Pexels License,https://www.pexels.com/license/,yes,,,credited to Pexels for images from before August 2026
Philosophy/Information/index.jpg,philosophy/information,Information,Philosophy,uncredited,,,,,,,,,,added this month; not attributed to Pexels
Philosophy/Intelligence/Index.jpg,philosophy/intelligence,Intelligence,Philosophy,replaced,Pexels,https://www.pexels.com/,https://www.pexels.com/,Pexels,Pexels License,https://www.pexels.com/license/,yes,,,credited to Pexels for images from before August 2026
Philosophy/Learning/index.jpg,philosophy/learning,Learning,Philosophy,uncredited,,,,,,,,,,added this month; not attributed to Pexels
Philosophy/Life/Index.jpg,philosophy/life,Life,Philosophy,replaced,Pexels,https://www.pexels.com/,https://www.pexels.com/,Pexels,Pexels License,https://www.pexels.com/license/,yes,,,credited to Pexels for images from before August 2026
Philosophy/Model/index.jpg,philosophy/model,Model,Philosophy,uncredited,,,,,,,,,,added this month; not attributed to Pexels
Philosophy/Problem/Index.jpg,philosophy/problem,Problem,Philosophy,replaced,Pexels,https://www.pexels.com/,https://www.pexels.com/,Pexels,Pexels License,https://www.pexels.com/license/,yes,,,credited to Pexels for images from before August 2026
Philosophy/Program/index.jpg,philosophy/program,Program,Philosophy,uncredited,,,,,,,,,,added this month; not attributed to Pexels
Philosophy/Solution/Index.jpg,philosophy/solution,Solution,Philosophy,replaced,Pexels,https://www.pexels.com/,https://www.pexels.com/,Pexels,Pexels License,https://www.pexels.com/license/,yes,,,credited to Pexels for images from before August 2026
Philosophy/Solution/Man-people-system.svg,philosophy/solution/man-people-system,Man People System,Philosophy,replaced,Ujnotes,,,Ujnotes,CC0 1.0,https://creativecommons.org/publicdomain/zero/1.0/,no,,,site diagram
Philosophy/Solution/Paths.svg,philosophy/solution/paths,Paths,Philosophy,replaced,Ujnotes,,,Ujnotes,CC0 1.0,https://creativecommons.org/publicdomain/zero/1.0/,no,,,site diagram
science/index.jpg,science,Science,Science,replaced,Wikimedia Commons,https://commons.wikimedia.org/wiki/File%3ADNA_Structure%2BKey%2BLabelled.png,https://upload.wikimedia.org/wikipedia/commons/5/5a/DNA_Structure%2BKey%2BLabelled.png,Zephyris,CC BY-SA 3.0,https://creativecommons.org/licenses/by-sa/3.0,yes,,,source file DNA_Structure+Key+Labelled.png
science/physics/index.jpg,science/physics,Physics,Physics,replaced,Wikimedia Commons,https://commons.wikimedia.org/wiki/File%3APhysics_laboratory.jpg,https://upload.wikimedia.org/wikipedia/commons/0/04/Physics_laboratory.jpg,Saidelo,CC BY-SA 4.0,https://creativecommons.org/licenses/by-sa/4.0,yes,,,source file Physics_laboratory.jpg
science/physics/electrical/index.jpg,science/physics/electrical,Electrical,Electrical,replaced,Wikimedia Commons,https://commons.wikimedia.org/wiki/File%3AElectronic_components.jpg,https://upload.wikimedia.org/wikipedia/commons/e/ee/Electronic_components.jpg,Colin.roussille,CC BY 4.0,https://creativecommons.org/licenses/by/4.0,yes,,,source file Electronic_components.jpg
science/physics/electrical/capacitance/index.jpg,science/physics/electrical/capacitance,Capacitance,Electrical,replaced,Wikimedia Commons,https://commons.wikimedia.org/wiki/File%3AElectrolytic_capacitors.jpg,https://upload.wikimedia.org/wikipedia/commons/9/91/Electrolytic_capacitors.jpg,Omegatron,CC BY-SA 3.0,https://creativecommons.org/licenses/by-sa/3.0,yes,,,source file Electrolytic_capacitors.jpg
science/physics/electrical/current/index.jpg,science/physics/electrical/current,Current,Electrical,replaced,Wikimedia Commons,https://commons.wikimedia.org/wiki/File%3ALightning_over_Bucharest.jpg,https://upload.wikimedia.org/wikipedia/commons/2/22/Lightning_over_Bucharest.jpg,Carmen,CC BY-SA 3.0,https://creativecommons.org/licenses/by-sa/3.0,yes,,,source file Lightning_over_Bucharest.jpg
science/physics/electrical/ohms_law/index.jpg,science/physics/electrical/ohms_law,Ohm's law,Electrical,replaced,Wikimedia Commons,https://commons.wikimedia.org/wiki/File%3AOhms_law_voltage_source.svg,https://upload.wikimedia.org/wikipedia/commons/a/a0/Ohms_law_voltage_source.svg,"Created by User:Omegatron using Klunky schematic editor, which the creator considers public domain (possibly with post-editing in the GIMP or Inkscape)",CC BY-SA 3.0,https://creativecommons.org/licenses/by-sa/3.0,yes,,,source file Ohms_law_voltage_source.svg
science/physics/electrical/resistance/index.jpg,science/physics/electrical/resistance,Resistance,Electrical,replaced,Wikimedia Commons,https://commons.wikimedia.org/wiki/File%3AElectronic-Axial-Lead-Resistors-Array.jpg,https://upload.wikimedia.org/wikipedia/commons/7/75/Electronic-Axial-Lead-Resistors-Array.jpg,Evan-Amos,Public domain,,no,,,source file Electronic-Axial-Lead-Resistors-Array.jpg
science/physics/electrical/voltage/index.jpg,science/physics/electrical/voltage,Voltage,Electrical,replaced,Wikimedia Commons,https://commons.wikimedia.org/wiki/File%3AM1690A-26_Soviet_DC_voltmeter_%28118x104mm%29_1986_production_02.jpg,https://upload.wikimedia.org/wikipedia/commons/1/1c/M1690A-26_Soviet_DC_voltmeter_%28118x104mm%29_1986_production_02.jpg,Retired electrician,CC0,http://creativecommons.org/publicdomain/zero/1.0/deed.en,no,,,source file M1690A-26 Soviet DC voltmeter (118x104mm) 1986 production 02.jpg
science/physics/electromagnetism/index.jpg,science/physics/electromagnetism,Electromagnetism,Electromagnetism,replaced,Wikimedia Commons,https://commons.wikimedia.org/wiki/File%3AVFPt_cylindrical_magnet_thumb.svg,https://upload.wikimedia.org/wikipedia/commons/0/0c/VFPt_cylindrical_magnet_thumb.svg,Geek3,CC BY-SA 3.0,https://creativecommons.org/licenses/by-sa/3.0,yes,,,source file VFPt_cylindrical_magnet_thumb.svg
science/physics/electromagnetism/maxwells_equations/index.jpg,science/physics/electromagnetism/maxwells_equations,Maxwell's equations,Electromagnetism,replaced,Wikimedia Commons,https://commons.wikimedia.org/wiki/File%3AStudy_figure_of_electromagnetism_and_maxwell%27s_equations.png,https://upload.wikimedia.org/wikipedia/commons/7/73/Study_figure_of_electromagnetism_and_maxwell%27s_equations.png,YujiOkiSoptica,CC BY-SA 4.0,https://creativecommons.org/licenses/by-sa/4.0,yes,,,source file Study figure of electromagnetism and maxwell's equations.png
science/physics/optics/index.jpg,science/physics/optics,Optics,Optics,replaced,Wikimedia Commons,https://commons.wikimedia.org/wiki/File%3APrism_Refraction.jpg,https://upload.wikimedia.org/wikipedia/commons/3/36/Prism_Refraction.jpg,dgdean,CC BY-SA 3.0,https://creativecommons.org/licenses/by-sa/3.0,yes,,,source file Prism_Refraction.jpg
science/physics/optics/diffraction/index.jpg,science/physics/optics/diffraction,Diffraction,Optics,replaced,Wikimedia Commons,https://commons.wikimedia.org/wiki/File%3AOptical-grating.jpg,https://upload.wikimedia.org/wikipedia/commons/9/9b/Optical-grating.jpg,Geek3,CC BY-SA 4.0,https://creativecommons.org/licenses/by-sa/4.0,yes,,,source file Optical-grating.jpg
science/physics/optics/double_slit_experiment/index.jpg,science/physics/optics/double_slit_experiment,Double slit experiment,Optics,replaced,Wikimedia Commons,https://commons.wikimedia.org/wiki/File%3ADouble-slit_experiment_results_Tanamura_2.jpg,https://upload.wikimedia.org/wikipedia/commons/c/c7/Double-slit_experiment_results_Tonomura_2.jpg,user:Belsazar,CC BY-SA 3.0,http://creativecommons.org/licenses/by-sa/3.0/,yes,,,source file Double-slit_experiment_results_Tanamura_2.jpg
science/physics/optics/laser/index.jpg,science/physics/optics/laser,Laser,Optics,replaced,Wikimedia Commons,https://commons.wikimedia.org/wiki/File%3ALaser.jpg,https://upload.wikimedia.org/wikipedia/commons/7/7e/Laser.jpg,Tom Trower,Public domain,,no,,,source file Laser.jpg
science/physics/optics/polarization_of_light/index.jpg,science/physics/optics/polarization_of_light,Polarization of light,Optics,replaced,Wikimedia Commons,https://commons.wikimedia.org/wiki/File%3APolarizer.jpg,https://upload.wikimedia.org/wikipedia/commons/0/08/Polarizer.jpg,Reinraum,Public domain,,no,,,source file Polarizer.jpg
science/physics/quantum_physics/index.jpg,science/physics/quantum_physics,Quantum physics,Quantum physics,replaced,Wikimedia Commons,https://commons.wikimedia.org/wiki/File%3ABohr_atom_model.svg,https://upload.wikimedia.org/wikipedia/commons/9/93/Bohr_atom_model.svg,JabberWok at English Wikipedia,CC BY-SA 3.0,http://creativecommons.org/licenses/by-sa/3.0/,yes,,,source file Bohr_atom_model.svg
science/physics/quantum_physics/black_body_radiation/index.jpg,science/physics/quantum_physics/black_body_radiation,Black body radiation,Quantum physics,replaced,Wikimedia Commons,https://commons.wikimedia.org/wiki/File%3ABlackbodySpectrum_loglog_en.svg,https://upload.wikimedia.org/wikipedia/commons/8/84/BlackbodySpectrum_loglog_en.svg,Prog,CC BY-SA 4.0,https://creativecommons.org/licenses/by-sa/4.0,yes,,,source file BlackbodySpectrum_loglog_en.svg
science/physics/quantum_physics/schrodingers_equation/index.jpg,science/physics/quantum_physics/schrodingers_equation,Schrodinger's equation,Quantum physics,replaced,Wikimedia Commons,https://commons.wikimedia.org/wiki/File%3AParticle_in_a_box_wavefunctions.svg,https://upload.wikimedia.org/wikipedia/commons/1/1b/Particle_in_a_box_wavefunctions.svg,Papa November,CC BY-SA 3.0,https://creativecommons.org/licenses/by-sa/3.0,yes,,,source file Particle_in_a_box_wavefunctions.svg
science/physics/electrical/inductance/index.jpg,science/physics/electrical/inductance,Inductance,Electrical,replaced,Wikimedia Commons,https://commons.wikimedia.org/wiki/File%3AToroidal_inductor.jpg,https://upload.wikimedia.org/wikipedia/commons/9/95/Toroidal_inductor.jpg,Peripitus,CC BY-SA 4.0,https://creativecommons.org/licenses/by-sa/4.0,yes,,,source file Toroidal_inductor.jpg
Technology/Electronics/Inductor/index.jpg,technology/electronics/inductor,Inductors,Electronics,replaced,Wikimedia Commons,https://commons.wikimedia.org/wiki/File%3AElectronic_component_inductors.jpg,https://upload.wikimedia.org/wikipedia/commons/a/a1/Electronic_component_inductors.jpg,Miguel,CC BY-SA 3.0,http://creativecommons.org/licenses/by-sa/3.0/,yes,,,source file Electronic_component_inductors.jpg
